ISO-10303-21;
HEADER;
/* Generated by software containing ST-Developer
 * from STEP Tools, Inc. (www.steptools.com) 
 */

FILE_DESCRIPTION(
/* description */ (''),
/* implementation_level */ '2;1');

FILE_NAME(
/* name */ 'Touch_Display2_shell.step',
/* time_stamp */ '2026-07-24T14:08:59+02:00',
/* author */ (''),
/* organization */ (''),
/* preprocessor_version */ 'ST-DEVELOPER v20.1',
/* originating_system */ 'Autodesk Translation Framework v15.8.0.0',
/* authorisation */ '');

FILE_SCHEMA (('AUTOMOTIVE_DESIGN { 1 0 10303 214 3 1 1 }'));
ENDSEC;

DATA;
#10=MECHANICAL_DESIGN_GEOMETRIC_PRESENTATION_REPRESENTATION('',(#13),#4250);
#11=SHAPE_REPRESENTATION_RELATIONSHIP('SRR','None',#4257,#12);
#12=ADVANCED_BREP_SHAPE_REPRESENTATION('',(#14),#4249);
#13=STYLED_ITEM('',(#4267),#14);
#14=MANIFOLD_SOLID_BREP('Corps1',#1673);
#15=CONICAL_SURFACE('',#1811,8.27855267143723,0.785397881188381);
#16=CONICAL_SURFACE('',#1813,8.27855267143824,0.785397881188381);
#17=CONICAL_SURFACE('',#1815,8.27855267144024,0.785397881188381);
#18=CONICAL_SURFACE('',#1817,8.27855267143623,0.785397881188381);
#19=B_SPLINE_SURFACE_WITH_KNOTS('',5,1,((#3375,#3376),(#3377,#3378),(#3379,
#3380),(#3381,#3382),(#3383,#3384),(#3385,#3386),(#3387,#3388),(#3389,#3390),
(#3391,#3392),(#3393,#3394),(#3395,#3396),(#3397,#3398),(#3399,#3400),(#3401,
#3402),(#3403,#3404),(#3405,#3406),(#3407,#3408),(#3409,#3410),(#3411,#3412),
(#3413,#3414),(#3415,#3416),(#3417,#3418),(#3419,#3420),(#3421,#3422),(#3423,
#3424),(#3425,#3426),(#3427,#3428)),.UNSPECIFIED.,.F.,.F.,.F.,(6,5,1,1,
1,1,1,1,1,1,1,1,1,1,1,1,1,1,6),(2,2),(-0.994199819448831,-0.804981343220546,
-0.8,-0.75,-0.7,-0.65,-0.6,-0.55,-0.5,-0.45,-0.4,-0.35,-0.3,-0.25,-0.2,
-0.15,-0.1,-0.05,0.),(0.,5.4648),.UNSPECIFIED.);
#20=B_SPLINE_SURFACE_WITH_KNOTS('',5,1,((#3555,#3556),(#3557,#3558),(#3559,
#3560),(#3561,#3562),(#3563,#3564),(#3565,#3566),(#3567,#3568),(#3569,#3570),
(#3571,#3572),(#3573,#3574),(#3575,#3576),(#3577,#3578),(#3579,#3580),(#3581,
#3582),(#3583,#3584),(#3585,#3586),(#3587,#3588),(#3589,#3590),(#3591,#3592),
(#3593,#3594),(#3595,#3596),(#3597,#3598),(#3599,#3600),(#3601,#3602),(#3603,
#3604),(#3605,#3606),(#3607,#3608)),.UNSPECIFIED.,.F.,.F.,.F.,(6,1,1,1,
1,1,1,1,1,1,1,1,1,1,1,1,1,5,6),(2,2),(0.,0.05,0.1,0.15,0.2,0.25,0.3,0.35,
0.4,0.45,0.5,0.55,0.6,0.65,0.7,0.75,0.8,0.802802189599154,0.991125369158348),
(0.,5.4648),.UNSPECIFIED.);
#21=B_SPLINE_SURFACE_WITH_KNOTS('',5,1,((#3737,#3738),(#3739,#3740),(#3741,
#3742),(#3743,#3744),(#3745,#3746),(#3747,#3748),(#3749,#3750),(#3751,#3752),
(#3753,#3754),(#3755,#3756),(#3757,#3758),(#3759,#3760),(#3761,#3762),(#3763,
#3764),(#3765,#3766),(#3767,#3768),(#3769,#3770),(#3771,#3772),(#3773,#3774),
(#3775,#3776),(#3777,#3778),(#3779,#3780),(#3781,#3782),(#3783,#3784),(#3785,
#3786),(#3787,#3788),(#3789,#3790)),.UNSPECIFIED.,.F.,.F.,.F.,(6,5,1,1,
1,1,1,1,1,1,1,1,1,1,1,1,1,1,6),(2,2),(-0.991125369159336,-0.802802189599152,
-0.8,-0.75,-0.7,-0.65,-0.6,-0.55,-0.5,-0.45,-0.4,-0.35,-0.3,-0.25,-0.2,
-0.15,-0.1,-0.05,0.),(0.,5.4648),.UNSPECIFIED.);
#22=B_SPLINE_SURFACE_WITH_KNOTS('',5,1,((#3792,#3793),(#3794,#3795),(#3796,
#3797),(#3798,#3799),(#3800,#3801),(#3802,#3803),(#3804,#3805),(#3806,#3807),
(#3808,#3809),(#3810,#3811),(#3812,#3813),(#3814,#3815),(#3816,#3817),(#3818,
#3819),(#3820,#3821),(#3822,#3823),(#3824,#3825),(#3826,#3827),(#3828,#3829),
(#3830,#3831),(#3832,#3833),(#3834,#3835),(#3836,#3837),(#3838,#3839),(#3840,
#3841),(#3842,#3843),(#3844,#3845)),.UNSPECIFIED.,.F.,.F.,.F.,(6,1,1,1,
1,1,1,1,1,1,1,1,1,1,1,1,1,5,6),(2,2),(0.,0.05,0.1,0.15,0.2,0.25,0.3,0.35,
0.4,0.45,0.5,0.55,0.6,0.65,0.7,0.75,0.8,0.804981168660017,0.994199537759465),
(0.,5.4648),.UNSPECIFIED.);
#23=B_SPLINE_SURFACE_WITH_KNOTS('',5,1,((#3854,#3855),(#3856,#3857),(#3858,
#3859),(#3860,#3861),(#3862,#3863),(#3864,#3865),(#3866,#3867),(#3868,#3869),
(#3870,#3871),(#3872,#3873),(#3874,#3875),(#3876,#3877),(#3878,#3879),(#3880,
#3881),(#3882,#3883),(#3884,#3885),(#3886,#3887),(#3888,#3889),(#3890,#3891),
(#3892,#3893),(#3894,#3895),(#3896,#3897),(#3898,#3899),(#3900,#3901),(#3902,
#3903),(#3904,#3905),(#3906,#3907)),.UNSPECIFIED.,.F.,.F.,.F.,(6,5,1,1,
1,1,1,1,1,1,1,1,1,1,1,1,1,1,6),(2,2),(-0.992338643251251,-0.803556681861541,
-0.8,-0.75,-0.7,-0.65,-0.6,-0.55,-0.5,-0.45,-0.4,-0.35,-0.3,-0.25,-0.2,
-0.15,-0.1,-0.05,0.),(0.,5.4648),.UNSPECIFIED.);
#24=B_SPLINE_SURFACE_WITH_KNOTS('',5,1,((#3909,#3910),(#3911,#3912),(#3913,
#3914),(#3915,#3916),(#3917,#3918),(#3919,#3920),(#3921,#3922),(#3923,#3924),
(#3925,#3926),(#3927,#3928),(#3929,#3930),(#3931,#3932),(#3933,#3934),(#3935,
#3936),(#3937,#3938),(#3939,#3940),(#3941,#3942),(#3943,#3944),(#3945,#3946),
(#3947,#3948),(#3949,#3950),(#3951,#3952),(#3953,#3954),(#3955,#3956),(#3957,
#3958),(#3959,#3960),(#3961,#3962)),.UNSPECIFIED.,.F.,.F.,.F.,(6,1,1,1,
1,1,1,1,1,1,1,1,1,1,1,1,1,5,6),(2,2),(0.,0.05,0.1,0.15,0.2,0.25,0.3,0.35,
0.4,0.45,0.5,0.55,0.6,0.65,0.7,0.75,0.8,0.804981343220546,0.994199819448831),
(0.,5.4648),.UNSPECIFIED.);
#25=B_SPLINE_SURFACE_WITH_KNOTS('',5,1,((#3964,#3965),(#3966,#3967),(#3968,
#3969),(#3970,#3971),(#3972,#3973),(#3974,#3975),(#3976,#3977),(#3978,#3979),
(#3980,#3981),(#3982,#3983)),.UNSPECIFIED.,.F.,.F.,.F.,(6,1,1,1,1,6),(2,
2),(0.780147826051415,0.8,0.85,0.9,0.95,1.),(0.,5.4648),.UNSPECIFIED.);
#26=B_SPLINE_SURFACE_WITH_KNOTS('',5,1,((#3987,#3988),(#3989,#3990),(#3991,
#3992),(#3993,#3994),(#3995,#3996),(#3997,#3998),(#3999,#4000),(#4001,#4002),
(#4003,#4004),(#4005,#4006),(#4007,#4008),(#4009,#4010),(#4011,#4012),(#4013,
#4014),(#4015,#4016),(#4017,#4018),(#4019,#4020),(#4021,#4022),(#4023,#4024),
(#4025,#4026),(#4027,#4028)),.UNSPECIFIED.,.F.,.F.,.F.,(6,1,1,1,1,1,1,1,
1,1,1,1,1,1,1,1,6),(2,2),(0.,0.05,0.1,0.15,0.2,0.25,0.3,0.35,0.4,0.45,0.5,
0.55,0.6,0.65,0.7,0.75,0.771430818714306),(0.,5.4648),.UNSPECIFIED.);
#27=B_SPLINE_SURFACE_WITH_KNOTS('',5,1,((#4030,#4031),(#4032,#4033),(#4034,
#4035),(#4036,#4037),(#4038,#4039),(#4040,#4041),(#4042,#4043),(#4044,#4045),
(#4046,#4047),(#4048,#4049),(#4050,#4051),(#4052,#4053),(#4054,#4055),(#4056,
#4057),(#4058,#4059),(#4060,#4061),(#4062,#4063),(#4064,#4065),(#4066,#4067),
(#4068,#4069),(#4070,#4071)),.UNSPECIFIED.,.F.,.F.,.F.,(6,1,1,1,1,1,1,1,
1,1,1,1,1,1,1,1,6),(2,2),(-0.77143081870986,-0.75,-0.7,-0.65,-0.6,-0.55,
-0.5,-0.45,-0.4,-0.35,-0.3,-0.25,-0.2,-0.15,-0.1,-0.05,0.),(0.,5.4648),
 .UNSPECIFIED.);
#28=B_SPLINE_SURFACE_WITH_KNOTS('',5,1,((#4076,#4077),(#4078,#4079),(#4080,
#4081),(#4082,#4083),(#4084,#4085),(#4086,#4087),(#4088,#4089),(#4090,#4091),
(#4092,#4093),(#4094,#4095)),.UNSPECIFIED.,.F.,.F.,.F.,(6,1,1,1,1,6),(2,
2),(-1.,-0.95,-0.9,-0.85,-0.8,-0.780147826054058),(0.,5.4648),
 .UNSPECIFIED.);
#29=FACE_BOUND('',#217,.T.);
#30=FACE_BOUND('',#224,.T.);
#31=FACE_BOUND('',#227,.T.);
#32=FACE_BOUND('',#239,.T.);
#33=FACE_BOUND('',#241,.T.);
#34=FACE_BOUND('',#243,.T.);
#35=FACE_BOUND('',#245,.T.);
#36=FACE_BOUND('',#255,.T.);
#37=FACE_BOUND('',#256,.T.);
#38=FACE_BOUND('',#257,.T.);
#39=FACE_BOUND('',#258,.T.);
#40=FACE_BOUND('',#259,.T.);
#41=FACE_BOUND('',#260,.T.);
#42=FACE_BOUND('',#261,.T.);
#43=FACE_BOUND('',#262,.T.);
#44=FACE_BOUND('',#293,.T.);
#45=FACE_BOUND('',#304,.T.);
#46=FACE_BOUND('',#324,.T.);
#47=B_SPLINE_CURVE_WITH_KNOTS('',3,(#2287,#2288,#2289,#2290,#2291,#2292,
#2293,#2294,#2295,#2296,#2297,#2298,#2299,#2300,#2301,#2302,#2303,#2304,
#2305,#2306,#2307,#2308,#2309,#2310,#2311,#2312,#2313,#2314,#2315,#2316,
#2317,#2318,#2319,#2320,#2321,#2322,#2323,#2324,#2325,#2326,#2327,#2328,
#2329,#2330,#2331,#2332,#2333,#2334,#2335,#2336,#2337,#2338,#2339,#2340,
#2341,#2342,#2343,#2344,#2345,#2346,#2347,#2348,#2349,#2350,#2351,#2352,
#2353,#2354,#2355,#2356,#2357,#2358,#2359,#2360,#2361,#2362,#2363,#2364,
#2365,#2366,#2367,#2368,#2369,#2370,#2371,#2372,#2373,#2374,#2375,#2376,
#2377,#2378,#2379,#2380,#2381,#2382,#2383,#2384,#2385,#2386,#2387,#2388,
#2389,#2390,#2391,#2392,#2393,#2394,#2395,#2396,#2397,#2398,#2399,#2400,
#2401,#2402,#2403,#2404,#2405,#2406,#2407,#2408,#2409,#2410),
 .UNSPECIFIED.,.F.,.F.,(4,3,3,3,3,3,3,3,3,3,3,3,3,3,3,3,3,3,3,3,3,3,3,3,
3,3,3,3,3,3,3,3,3,3,3,3,3,3,3,3,3,4),(0.,0.0518409406677086,0.0931879463761513,
0.133242858156205,0.168470507713493,0.201511826132931,0.232827741951575,
0.262927545726752,0.293462569944418,0.325063353708461,0.358949735498088,
0.39520028199227,0.434623127860824,0.476521929524873,0.51666917284629,0.553522258014435,
0.587869661863096,0.620263426094282,0.651074360193143,0.680673942070043,
0.709478972609125,0.73771048363886,0.765440368624677,0.793330368339585,
0.822014937862325,0.851651967116138,0.882308251779362,0.914580635948141,
0.948221149128794,0.98371065296634,1.02174562209821,1.06322253594541,1.10698983925253,
1.14752278340567,1.18512918986958,1.22028873679732,1.25333939434888,1.28442046331884,
1.31528208478544,1.34619111480257,1.37494512333787,1.50415310233725),
 .UNSPECIFIED.);
#48=B_SPLINE_CURVE_WITH_KNOTS('',3,(#2414,#2415,#2416,#2417,#2418,#2419,
#2420,#2421,#2422,#2423,#2424,#2425,#2426,#2427,#2428,#2429,#2430,#2431,
#2432,#2433,#2434,#2435,#2436,#2437,#2438,#2439,#2440,#2441,#2442,#2443,
#2444,#2445,#2446,#2447,#2448,#2449,#2450,#2451,#2452,#2453,#2454,#2455,
#2456,#2457,#2458,#2459,#2460,#2461,#2462,#2463,#2464,#2465,#2466,#2467,
#2468,#2469,#2470,#2471,#2472,#2473,#2474,#2475,#2476,#2477,#2478,#2479,
#2480,#2481,#2482,#2483,#2484,#2485,#2486,#2487,#2488,#2489,#2490,#2491,
#2492,#2493,#2494,#2495,#2496,#2497,#2498,#2499,#2500,#2501,#2502,#2503,
#2504,#2505,#2506,#2507,#2508,#2509,#2510,#2511,#2512,#2513,#2514,#2515,
#2516,#2517,#2518,#2519,#2520,#2521,#2522,#2523,#2524,#2525,#2526,#2527,
#2528,#2529,#2530,#2531,#2532,#2533,#2534,#2535,#2536,#2537),
 .UNSPECIFIED.,.F.,.F.,(4,3,3,3,3,3,3,3,3,3,3,3,3,3,3,3,3,3,3,3,3,3,3,3,
3,3,3,3,3,3,3,3,3,3,3,3,3,3,3,3,3,4),(0.427455859238722,1.47224044693574,
1.72176081438961,1.97091347617451,2.21989874009641,2.47557358572732,2.74528181529829,
3.03419066053029,3.35668786170393,3.70658727999631,4.0574878023522,4.37600222107196,
4.66834970732223,4.94280468963178,5.20464629893561,5.45683691947403,5.70068076043067,
5.9361060180097,6.16426288759969,6.38781175901148,6.61343586870124,6.84334016154479,
7.07823249044338,7.32085745622419,7.57390027262681,7.84027220897678,8.13676511867336,
8.45218817920295,8.78884874478417,9.11750904526329,9.4183831415309,9.69699144762084,
9.96041673823431,10.2136880932996,10.4587635109942,10.7022691745965,10.9611832216054,
11.2332777093732,11.520822809187,11.8435260304311,12.2098901627488,12.5841587641222),
 .UNSPECIFIED.);
#49=B_SPLINE_CURVE_WITH_KNOTS('',3,(#2549,#2550,#2551,#2552,#2553,#2554),
 .UNSPECIFIED.,.F.,.F.,(4,2,4),(0.,2.7324,4.554),.UNSPECIFIED.);
#50=B_SPLINE_CURVE_WITH_KNOTS('',3,(#2557,#2558,#2559,#2560,#2561,#2562),
 .UNSPECIFIED.,.F.,.F.,(4,2,4),(0.9108,2.7324,5.4648),.UNSPECIFIED.);
#51=B_SPLINE_CURVE_WITH_KNOTS('',3,(#2601,#2602,#2603,#2604,#2605,#2606),
 .UNSPECIFIED.,.F.,.F.,(4,2,4),(0.,2.7324,4.554),.UNSPECIFIED.);
#52=B_SPLINE_CURVE_WITH_KNOTS('',3,(#2610,#2611,#2612,#2613,#2614,#2615),
 .UNSPECIFIED.,.F.,.F.,(4,2,4),(0.9108,2.7324,5.4648),.UNSPECIFIED.);
#53=B_SPLINE_CURVE_WITH_KNOTS('',3,(#2625,#2626,#2627,#2628,#2629,#2630,
#2631,#2632,#2633,#2634,#2635,#2636,#2637,#2638,#2639,#2640,#2641,#2642,
#2643,#2644,#2645,#2646,#2647,#2648,#2649,#2650,#2651,#2652,#2653,#2654,
#2655,#2656,#2657,#2658,#2659,#2660,#2661,#2662,#2663,#2664,#2665,#2666,
#2667,#2668,#2669,#2670,#2671,#2672,#2673,#2674,#2675,#2676,#2677,#2678,
#2679,#2680,#2681,#2682,#2683,#2684,#2685,#2686,#2687,#2688,#2689,#2690,
#2691,#2692,#2693,#2694,#2695,#2696,#2697,#2698,#2699,#2700,#2701,#2702,
#2703,#2704,#2705,#2706,#2707,#2708,#2709,#2710,#2711,#2712,#2713,#2714,
#2715,#2716,#2717,#2718,#2719,#2720,#2721,#2722,#2723,#2724,#2725,#2726,
#2727,#2728,#2729,#2730,#2731,#2732,#2733,#2734,#2735,#2736,#2737,#2738,
#2739,#2740,#2741,#2742,#2743,#2744,#2745,#2746,#2747,#2748),
 .UNSPECIFIED.,.F.,.F.,(4,3,3,3,3,3,3,3,3,3,3,3,3,3,3,3,3,3,3,3,3,3,3,3,
3,3,3,3,3,3,3,3,3,3,3,3,3,3,3,3,3,4),(0.,0.056525912406306,0.101554727169694,
0.145176391471726,0.183585033391248,0.219609427382857,0.253751432070988,
0.286565260508551,0.319849533619335,0.354295077225571,0.391228792893484,
0.430737098602713,0.473701709293642,0.519374153629159,0.563150508000299,
0.603334459235738,0.640784291654185,0.676103336923613,0.709695481424705,
0.741965889988706,0.773368847631791,0.804146366292582,0.834376369520895,
0.864777486861692,0.896044252821319,0.928348716773383,0.961764655631812,
0.996939694244147,1.033604341317,1.0722819024919,1.11373030478787,1.15892734185622,
1.20665492209754,1.25086403155832,1.29187772260927,1.33022325983752,1.36626500880609,
1.40015207945863,1.43379450394196,1.46748718376304,1.49744798483472,1.6379578984267),
 .UNSPECIFIED.);
#54=B_SPLINE_CURVE_WITH_KNOTS('',3,(#2752,#2753,#2754,#2755,#2756,#2757,
#2758,#2759,#2760,#2761,#2762,#2763,#2764,#2765,#2766,#2767,#2768,#2769,
#2770,#2771,#2772,#2773,#2774,#2775,#2776,#2777,#2778,#2779,#2780,#2781,
#2782,#2783,#2784,#2785,#2786,#2787,#2788,#2789,#2790,#2791,#2792,#2793,
#2794,#2795,#2796,#2797,#2798,#2799,#2800,#2801,#2802,#2803,#2804,#2805,
#2806,#2807,#2808,#2809,#2810,#2811,#2812,#2813,#2814,#2815,#2816,#2817,
#2818,#2819,#2820,#2821,#2822,#2823,#2824,#2825,#2826,#2827,#2828,#2829,
#2830,#2831,#2832,#2833,#2834,#2835,#2836,#2837,#2838,#2839,#2840,#2841,
#2842,#2843,#2844,#2845,#2846,#2847,#2848,#2849,#2850,#2851,#2852,#2853,
#2854,#2855,#2856,#2857,#2858,#2859,#2860,#2861,#2862,#2863,#2864,#2865,
#2866,#2867,#2868,#2869,#2870,#2871,#2872,#2873,#2874,#2875),
 .UNSPECIFIED.,.F.,.F.,(4,3,3,3,3,3,3,3,3,3,3,3,3,3,3,3,3,3,3,3,3,3,3,3,
3,3,3,3,3,3,3,3,3,3,3,3,3,3,3,3,3,4),(0.427455763255536,1.47232006261162,
1.72185959382201,1.97103140289596,2.22003581351245,2.47573042656342,2.74545954303817,
3.03439079532685,3.35691302811526,3.70683956144136,4.05776681926295,4.37630542874166,
4.66867518692828,4.94315112644418,5.20501276108938,5.45722268492221,5.70108518972672,
5.93652846822223,6.16470281278039,6.38826885447461,6.61391034348825,6.84383234890206,
7.07874278723725,7.32138648734913,7.57444886173896,7.84084140717854,8.13735694695061,
8.45280444598889,8.78949097703061,9.11817634647603,9.41907336059141,9.69770293524411,
9.9611483792043,10.2144391302589,10.4595333260685,10.7030577603448,10.961991797443,
11.2341073103263,11.5216746424028,11.8444028762778,12.2107957749695,12.5850900435316),
 .UNSPECIFIED.);
#55=B_SPLINE_CURVE_WITH_KNOTS('',3,(#2887,#2888,#2889,#2890,#2891,#2892,
#2893,#2894,#2895,#2896,#2897,#2898,#2899,#2900,#2901,#2902,#2903,#2904,
#2905),.UNSPECIFIED.,.F.,.F.,(4,3,3,3,3,3,4),(0.,0.0522415584334976,0.105501061184447,
0.162024951060318,0.220758830069714,0.282958451354853,0.328860761981587),
 .UNSPECIFIED.);
#56=B_SPLINE_CURVE_WITH_KNOTS('',5,(#2909,#2910,#2911,#2912,#2913,#2914,
#2915,#2916,#2917,#2918,#2919,#2920,#2921,#2922,#2923,#2924,#2925,#2926,
#2927,#2928,#2929),.UNSPECIFIED.,.F.,.F.,(6,1,1,1,1,1,1,1,1,1,1,1,1,1,1,
1,6),(-0.77143081870986,-0.75,-0.7,-0.65,-0.6,-0.55,-0.5,-0.45,-0.4,-0.35,
-0.3,-0.25,-0.2,-0.15,-0.1,-0.05,0.),.UNSPECIFIED.);
#57=B_SPLINE_CURVE_WITH_KNOTS('',5,(#2933,#2934,#2935,#2936,#2937,#2938,
#2939,#2940,#2941,#2942,#2943,#2944,#2945,#2946,#2947,#2948,#2949,#2950,
#2951,#2952,#2953),.UNSPECIFIED.,.F.,.F.,(6,1,1,1,1,1,1,1,1,1,1,1,1,1,1,
1,6),(0.,0.05,0.1,0.15,0.2,0.25,0.3,0.35,0.4,0.45,0.5,0.55,0.6,0.65,0.7,
0.75,0.771430818714306),.UNSPECIFIED.);
#58=B_SPLINE_CURVE_WITH_KNOTS('',3,(#2956,#2957,#2958,#2959),
 .UNSPECIFIED.,.F.,.F.,(4,4),(0.247728048938548,0.547006276888602),
 .UNSPECIFIED.);
#59=B_SPLINE_CURVE_WITH_KNOTS('',3,(#2967,#2968,#2969,#2970,#2971,#2972),
 .UNSPECIFIED.,.F.,.F.,(4,2,4),(0.9108,2.7324,5.4648),.UNSPECIFIED.);
#60=B_SPLINE_CURVE_WITH_KNOTS('',3,(#2975,#2976,#2977,#2978,#2979,#2980),
 .UNSPECIFIED.,.F.,.F.,(4,2,4),(0.,2.7324,4.554),.UNSPECIFIED.);
#61=B_SPLINE_CURVE_WITH_KNOTS('',3,(#2984,#2985,#2986,#2987,#2988,#2989),
 .UNSPECIFIED.,.F.,.F.,(4,2,4),(0.9108,2.7324,5.4648),.UNSPECIFIED.);
#62=B_SPLINE_CURVE_WITH_KNOTS('',5,(#3098,#3099,#3100,#3101,#3102,#3103,
#3104,#3105,#3106,#3107,#3108,#3109,#3110,#3111,#3112,#3113,#3114,#3115,
#3116,#3117,#3118,#3119,#3120,#3121,#3122,#3123,#3124),.UNSPECIFIED.,.F.,
 .F.,(6,1,1,1,1,1,1,1,1,1,1,1,1,1,1,1,1,5,6),(0.,0.05,0.1,0.15,0.2,0.25,
0.3,0.35,0.4,0.45,0.5,0.55,0.6,0.65,0.7,0.75,0.8,0.804981168660017,0.880668516299796),
 .UNSPECIFIED.);
#63=B_SPLINE_CURVE_WITH_KNOTS('',5,(#3127,#3128,#3129,#3130,#3131,#3132,
#3133,#3134,#3135,#3136,#3137,#3138,#3139,#3140,#3141,#3142,#3143,#3144,
#3145,#3146,#3147,#3148,#3149,#3150,#3151,#3152,#3153),.UNSPECIFIED.,.F.,
 .F.,(6,5,1,1,1,1,1,1,1,1,1,1,1,1,1,1,1,1,6),(-0.878131461423226,-0.802802189599152,
-0.8,-0.75,-0.7,-0.65,-0.6,-0.55,-0.5,-0.45,-0.4,-0.35,-0.3,-0.25,-0.2,
-0.15,-0.1,-0.05,0.),.UNSPECIFIED.);
#64=B_SPLINE_CURVE_WITH_KNOTS('',5,(#3155,#3156,#3157,#3158,#3159,#3160,
#3161,#3162,#3163,#3164,#3165,#3166,#3167,#3168,#3169,#3170,#3171,#3172,
#3173,#3174,#3175,#3176,#3177,#3178,#3179,#3180,#3181),.UNSPECIFIED.,.F.,
 .F.,(6,1,1,1,1,1,1,1,1,1,1,1,1,1,1,1,1,5,6),(0.,0.05,0.1,0.15,0.2,0.25,
0.3,0.35,0.4,0.45,0.5,0.55,0.6,0.65,0.7,0.75,0.8,0.802802189599154,0.878131461422831),
 .UNSPECIFIED.);
#65=B_SPLINE_CURVE_WITH_KNOTS('',5,(#3184,#3185,#3186,#3187,#3188,#3189,
#3190,#3191,#3192,#3193,#3194,#3195,#3196,#3197,#3198,#3199,#3200,#3201,
#3202,#3203,#3204,#3205,#3206,#3207,#3208,#3209,#3210),.UNSPECIFIED.,.F.,
 .F.,(6,5,1,1,1,1,1,1,1,1,1,1,1,1,1,1,1,1,6),(-0.880668733711858,-0.804981343220546,
-0.8,-0.75,-0.7,-0.65,-0.6,-0.55,-0.5,-0.45,-0.4,-0.35,-0.3,-0.25,-0.2,
-0.15,-0.1,-0.05,0.),.UNSPECIFIED.);
#66=B_SPLINE_CURVE_WITH_KNOTS('',5,(#3212,#3213,#3214,#3215,#3216,#3217,
#3218,#3219,#3220,#3221,#3222,#3223,#3224,#3225,#3226,#3227,#3228,#3229,
#3230,#3231,#3232,#3233,#3234,#3235,#3236,#3237,#3238),.UNSPECIFIED.,.F.,
 .F.,(6,1,1,1,1,1,1,1,1,1,1,1,1,1,1,1,1,5,6),(0.,0.05,0.1,0.15,0.2,0.25,
0.3,0.35,0.4,0.45,0.5,0.55,0.6,0.65,0.7,0.75,0.8,0.804981343220546,0.880668733711861),
 .UNSPECIFIED.);
#67=B_SPLINE_CURVE_WITH_KNOTS('',5,(#3241,#3242,#3243,#3244,#3245,#3246,
#3247,#3248,#3249,#3250,#3251,#3252,#3253,#3254,#3255,#3256,#3257,#3258,
#3259,#3260,#3261,#3262,#3263,#3264,#3265,#3266,#3267),.UNSPECIFIED.,.F.,
 .F.,(6,5,1,1,1,1,1,1,1,1,1,1,1,1,1,1,1,1,6),(-0.879069466417423,-0.803556681861541,
-0.8,-0.75,-0.7,-0.65,-0.6,-0.55,-0.5,-0.45,-0.4,-0.35,-0.3,-0.25,-0.2,
-0.15,-0.1,-0.05,0.),.UNSPECIFIED.);
#68=B_SPLINE_CURVE_WITH_KNOTS('',5,(#3269,#3270,#3271,#3272,#3273,#3274,
#3275,#3276),.UNSPECIFIED.,.F.,.F.,(6,1,1,6),(0.780147826051415,0.8,0.85,
0.892328287600674),.UNSPECIFIED.);
#69=B_SPLINE_CURVE_WITH_KNOTS('',5,(#3280,#3281,#3282,#3283,#3284,#3285,
#3286,#3287,#3288,#3289,#3290,#3291,#3292,#3293,#3294,#3295,#3296,#3297,
#3298,#3299,#3300),.UNSPECIFIED.,.F.,.F.,(6,1,1,1,1,1,1,1,1,1,1,1,1,1,1,
1,6),(-0.771430818714306,-0.75,-0.7,-0.65,-0.6,-0.55,-0.5,-0.45,-0.4,-0.35,
-0.3,-0.25,-0.2,-0.15,-0.1,-0.05,0.),.UNSPECIFIED.);
#70=B_SPLINE_CURVE_WITH_KNOTS('',5,(#3304,#3305,#3306,#3307,#3308,#3309,
#3310,#3311,#3312,#3313,#3314,#3315,#3316,#3317,#3318,#3319,#3320,#3321,
#3322,#3323,#3324),.UNSPECIFIED.,.F.,.F.,(6,1,1,1,1,1,1,1,1,1,1,1,1,1,1,
1,6),(0.,0.05,0.1,0.15,0.2,0.25,0.3,0.35,0.4,0.45,0.5,0.55,0.6,0.65,0.7,
0.75,0.77143081870986),.UNSPECIFIED.);
#71=B_SPLINE_CURVE_WITH_KNOTS('',5,(#3327,#3328,#3329,#3330,#3331,#3332,
#3333,#3334),.UNSPECIFIED.,.F.,.F.,(6,1,1,6),(-0.894054206298316,-0.85,
-0.8,-0.780147826054058),.UNSPECIFIED.);
#72=B_SPLINE_CURVE_WITH_KNOTS('',3,(#3431,#3432,#3433,#3434,#3435,#3436,
#3437,#3438,#3439,#3440,#3441,#3442,#3443,#3444,#3445,#3446,#3447,#3448,
#3449,#3450,#3451,#3452,#3453,#3454,#3455,#3456,#3457,#3458,#3459,#3460,
#3461,#3462,#3463,#3464,#3465,#3466,#3467,#3468,#3469,#3470,#3471,#3472,
#3473,#3474,#3475,#3476,#3477,#3478,#3479,#3480,#3481,#3482,#3483,#3484,
#3485,#3486,#3487,#3488,#3489,#3490,#3491,#3492,#3493,#3494,#3495,#3496,
#3497,#3498,#3499,#3500,#3501,#3502,#3503,#3504,#3505,#3506,#3507,#3508,
#3509,#3510,#3511,#3512,#3513,#3514,#3515,#3516,#3517,#3518,#3519,#3520,
#3521,#3522,#3523,#3524,#3525,#3526,#3527,#3528,#3529,#3530,#3531,#3532,
#3533,#3534,#3535,#3536,#3537,#3538,#3539,#3540,#3541,#3542,#3543,#3544,
#3545,#3546,#3547,#3548,#3549,#3550,#3551,#3552,#3553,#3554),
 .UNSPECIFIED.,.F.,.F.,(4,3,3,3,3,3,3,3,3,3,3,3,3,3,3,3,3,3,3,3,3,3,3,3,
3,3,3,3,3,3,3,3,3,3,3,3,3,3,3,3,3,4),(0.,0.0525417719560007,0.0945440115705265,
0.135233681197098,0.170942163316723,0.204435339854029,0.236181643377424,
0.266699230934204,0.297665095268242,0.329712540660013,0.364083487934098,
0.400856238208782,0.440848854442185,0.48333650929017,0.524024863511872,
0.561375531754606,0.596190133569875,0.62902572715657,0.660258893771911,
0.690265938848738,0.719469600631823,0.748092144996878,0.776207290489457,
0.804490786807425,0.833580869690705,0.863637759295218,0.894727494066117,
0.927460545221233,0.96158402820652,0.997587082569907,1.03617822000466,1.07826545223747,
1.12261530815389,1.16367324045854,1.20177272725278,1.23739266392605,1.27088276161864,
1.30238940326439,1.33368269490879,1.36514806726481,1.39661343962082,1.52792831748755),
 .UNSPECIFIED.);
#73=B_SPLINE_CURVE_WITH_KNOTS('',3,(#3610,#3611,#3612,#3613,#3614,#3615,
#3616,#3617,#3618,#3619,#3620,#3621,#3622,#3623,#3624,#3625,#3626,#3627,
#3628,#3629,#3630,#3631,#3632,#3633,#3634,#3635,#3636,#3637,#3638,#3639,
#3640,#3641,#3642,#3643,#3644,#3645,#3646,#3647,#3648,#3649,#3650,#3651,
#3652,#3653,#3654,#3655,#3656,#3657,#3658,#3659,#3660,#3661,#3662,#3663,
#3664,#3665,#3666,#3667,#3668,#3669,#3670,#3671,#3672,#3673,#3674,#3675,
#3676,#3677,#3678,#3679,#3680,#3681,#3682,#3683,#3684,#3685,#3686,#3687,
#3688,#3689,#3690,#3691,#3692,#3693,#3694,#3695,#3696,#3697,#3698,#3699,
#3700,#3701,#3702,#3703,#3704,#3705,#3706,#3707,#3708,#3709,#3710,#3711,
#3712,#3713,#3714,#3715,#3716,#3717,#3718,#3719,#3720,#3721,#3722,#3723,
#3724,#3725,#3726,#3727,#3728,#3729,#3730,#3731,#3732,#3733),
 .UNSPECIFIED.,.F.,.F.,(4,3,3,3,3,3,3,3,3,3,3,3,3,3,3,3,3,3,3,3,3,3,3,3,
3,3,3,3,3,3,3,3,3,3,3,3,3,3,3,3,3,4),(0.427359407896451,1.4529831033557,
1.69899386841853,1.94470507585013,2.19046553905715,2.44410353461622,2.71209995223694,
3.01432501006272,3.3367457561762,3.68534598489125,4.02690044262293,4.33612999346548,
4.62113005631794,4.88950042338229,5.14605281693298,5.39341629473974,5.63255592153109,
5.86349097211059,6.08747363497881,6.30786322600299,6.53106360882778,6.7585613231853,
6.99125096361471,7.23208299498168,7.483603970453,7.74871216977564,8.04036562670529,
8.35503679553774,8.68834540870495,9.00882495894442,9.30188917044712,9.574099101256,
9.83226627404404,10.0808034805609,10.3214889709674,10.5627962190313,10.8198362059817,
11.0902649344906,11.3763308306119,11.6985778603361,12.071794500577,12.3833018026618),
 .UNSPECIFIED.);
#74=B_SPLINE_CURVE_WITH_KNOTS('',3,(#3846,#3847,#3848,#3849,#3850,#3851),
 .UNSPECIFIED.,.F.,.F.,(4,2,4),(0.,2.7324,4.554),.UNSPECIFIED.);
#75=PLANE('',#1690);
#76=PLANE('',#1693);
#77=PLANE('',#1697);
#78=PLANE('',#1700);
#79=PLANE('',#1703);
#80=PLANE('',#1708);
#81=PLANE('',#1713);
#82=PLANE('',#1714);
#83=PLANE('',#1715);
#84=PLANE('',#1716);
#85=PLANE('',#1717);
#86=PLANE('',#1718);
#87=PLANE('',#1719);
#88=PLANE('',#1720);
#89=PLANE('',#1721);
#90=PLANE('',#1722);
#91=PLANE('',#1723);
#92=PLANE('',#1726);
#93=PLANE('',#1729);
#94=PLANE('',#1732);
#95=PLANE('',#1738);
#96=PLANE('',#1742);
#97=PLANE('',#1746);
#98=PLANE('',#1750);
#99=PLANE('',#1751);
#100=PLANE('',#1766);
#101=PLANE('',#1767);
#102=PLANE('',#1772);
#103=PLANE('',#1776);
#104=PLANE('',#1777);
#105=PLANE('',#1788);
#106=PLANE('',#1790);
#107=PLANE('',#1797);
#108=PLANE('',#1798);
#109=PLANE('',#1805);
#110=PLANE('',#1806);
#111=PLANE('',#1812);
#112=PLANE('',#1814);
#113=PLANE('',#1816);
#114=PLANE('',#1818);
#115=PLANE('',#1819);
#116=PLANE('',#1820);
#117=PLANE('',#1821);
#118=PLANE('',#1822);
#119=PLANE('',#1825);
#120=PLANE('',#1828);
#121=PLANE('',#1831);
#122=PLANE('',#1832);
#123=FACE_OUTER_BOUND('',#215,.T.);
#124=FACE_OUTER_BOUND('',#216,.T.);
#125=FACE_OUTER_BOUND('',#218,.T.);
#126=FACE_OUTER_BOUND('',#219,.T.);
#127=FACE_OUTER_BOUND('',#220,.T.);
#128=FACE_OUTER_BOUND('',#221,.T.);
#129=FACE_OUTER_BOUND('',#222,.T.);
#130=FACE_OUTER_BOUND('',#223,.T.);
#131=FACE_OUTER_BOUND('',#225,.T.);
#132=FACE_OUTER_BOUND('',#226,.T.);
#133=FACE_OUTER_BOUND('',#228,.T.);
#134=FACE_OUTER_BOUND('',#229,.T.);
#135=FACE_OUTER_BOUND('',#230,.T.);
#136=FACE_OUTER_BOUND('',#231,.T.);
#137=FACE_OUTER_BOUND('',#232,.T.);
#138=FACE_OUTER_BOUND('',#233,.T.);
#139=FACE_OUTER_BOUND('',#234,.T.);
#140=FACE_OUTER_BOUND('',#235,.T.);
#141=FACE_OUTER_BOUND('',#236,.T.);
#142=FACE_OUTER_BOUND('',#237,.T.);
#143=FACE_OUTER_BOUND('',#238,.T.);
#144=FACE_OUTER_BOUND('',#240,.T.);
#145=FACE_OUTER_BOUND('',#242,.T.);
#146=FACE_OUTER_BOUND('',#244,.T.);
#147=FACE_OUTER_BOUND('',#246,.T.);
#148=FACE_OUTER_BOUND('',#247,.T.);
#149=FACE_OUTER_BOUND('',#248,.T.);
#150=FACE_OUTER_BOUND('',#249,.T.);
#151=FACE_OUTER_BOUND('',#250,.T.);
#152=FACE_OUTER_BOUND('',#251,.T.);
#153=FACE_OUTER_BOUND('',#252,.T.);
#154=FACE_OUTER_BOUND('',#253,.T.);
#155=FACE_OUTER_BOUND('',#254,.T.);
#156=FACE_OUTER_BOUND('',#263,.T.);
#157=FACE_OUTER_BOUND('',#264,.T.);
#158=FACE_OUTER_BOUND('',#265,.T.);
#159=FACE_OUTER_BOUND('',#266,.T.);
#160=FACE_OUTER_BOUND('',#267,.T.);
#161=FACE_OUTER_BOUND('',#268,.T.);
#162=FACE_OUTER_BOUND('',#269,.T.);
#163=FACE_OUTER_BOUND('',#270,.T.);
#164=FACE_OUTER_BOUND('',#271,.T.);
#165=FACE_OUTER_BOUND('',#272,.T.);
#166=FACE_OUTER_BOUND('',#273,.T.);
#167=FACE_OUTER_BOUND('',#274,.T.);
#168=FACE_OUTER_BOUND('',#275,.T.);
#169=FACE_OUTER_BOUND('',#276,.T.);
#170=FACE_OUTER_BOUND('',#277,.T.);
#171=FACE_OUTER_BOUND('',#278,.T.);
#172=FACE_OUTER_BOUND('',#279,.T.);
#173=FACE_OUTER_BOUND('',#280,.T.);
#174=FACE_OUTER_BOUND('',#281,.T.);
#175=FACE_OUTER_BOUND('',#282,.T.);
#176=FACE_OUTER_BOUND('',#283,.T.);
#177=FACE_OUTER_BOUND('',#284,.T.);
#178=FACE_OUTER_BOUND('',#285,.T.);
#179=FACE_OUTER_BOUND('',#286,.T.);
#180=FACE_OUTER_BOUND('',#287,.T.);
#181=FACE_OUTER_BOUND('',#288,.T.);
#182=FACE_OUTER_BOUND('',#289,.T.);
#183=FACE_OUTER_BOUND('',#290,.T.);
#184=FACE_OUTER_BOUND('',#291,.T.);
#185=FACE_OUTER_BOUND('',#292,.T.);
#186=FACE_OUTER_BOUND('',#294,.T.);
#187=FACE_OUTER_BOUND('',#295,.T.);
#188=FACE_OUTER_BOUND('',#296,.T.);
#189=FACE_OUTER_BOUND('',#297,.T.);
#190=FACE_OUTER_BOUND('',#298,.T.);
#191=FACE_OUTER_BOUND('',#299,.T.);
#192=FACE_OUTER_BOUND('',#300,.T.);
#193=FACE_OUTER_BOUND('',#301,.T.);
#194=FACE_OUTER_BOUND('',#302,.T.);
#195=FACE_OUTER_BOUND('',#303,.T.);
#196=FACE_OUTER_BOUND('',#305,.T.);
#197=FACE_OUTER_BOUND('',#306,.T.);
#198=FACE_OUTER_BOUND('',#307,.T.);
#199=FACE_OUTER_BOUND('',#308,.T.);
#200=FACE_OUTER_BOUND('',#309,.T.);
#201=FACE_OUTER_BOUND('',#310,.T.);
#202=FACE_OUTER_BOUND('',#311,.T.);
#203=FACE_OUTER_BOUND('',#312,.T.);
#204=FACE_OUTER_BOUND('',#313,.T.);
#205=FACE_OUTER_BOUND('',#314,.T.);
#206=FACE_OUTER_BOUND('',#315,.T.);
#207=FACE_OUTER_BOUND('',#316,.T.);
#208=FACE_OUTER_BOUND('',#317,.T.);
#209=FACE_OUTER_BOUND('',#318,.T.);
#210=FACE_OUTER_BOUND('',#319,.T.);
#211=FACE_OUTER_BOUND('',#320,.T.);
#212=FACE_OUTER_BOUND('',#321,.T.);
#213=FACE_OUTER_BOUND('',#322,.T.);
#214=FACE_OUTER_BOUND('',#323,.T.);
#215=EDGE_LOOP('',(#1075,#1076,#1077,#1078));
#216=EDGE_LOOP('',(#1079,#1080,#1081,#1082,#1083,#1084));
#217=EDGE_LOOP('',(#1085));
#218=EDGE_LOOP('',(#1086,#1087,#1088,#1089,#1090,#1091,#1092,#1093));
#219=EDGE_LOOP('',(#1094,#1095,#1096,#1097));
#220=EDGE_LOOP('',(#1098,#1099,#1100,#1101,#1102,#1103,#1104,#1105,#1106,
#1107,#1108,#1109,#1110,#1111,#1112,#1113));
#221=EDGE_LOOP('',(#1114,#1115,#1116,#1117,#1118,#1119,#1120,#1121));
#222=EDGE_LOOP('',(#1122,#1123,#1124,#1125));
#223=EDGE_LOOP('',(#1126,#1127,#1128,#1129,#1130,#1131));
#224=EDGE_LOOP('',(#1132));
#225=EDGE_LOOP('',(#1133,#1134,#1135,#1136));
#226=EDGE_LOOP('',(#1137,#1138,#1139,#1140,#1141,#1142,#1143,#1144,#1145,
#1146));
#227=EDGE_LOOP('',(#1147));
#228=EDGE_LOOP('',(#1148,#1149,#1150,#1151,#1152,#1153));
#229=EDGE_LOOP('',(#1154,#1155,#1156,#1157,#1158,#1159,#1160,#1161));
#230=EDGE_LOOP('',(#1162,#1163,#1164,#1165));
#231=EDGE_LOOP('',(#1166,#1167,#1168,#1169));
#232=EDGE_LOOP('',(#1170,#1171,#1172,#1173));
#233=EDGE_LOOP('',(#1174,#1175,#1176,#1177));
#234=EDGE_LOOP('',(#1178,#1179,#1180,#1181));
#235=EDGE_LOOP('',(#1182,#1183,#1184,#1185));
#236=EDGE_LOOP('',(#1186,#1187,#1188,#1189));
#237=EDGE_LOOP('',(#1190,#1191,#1192,#1193));
#238=EDGE_LOOP('',(#1194));
#239=EDGE_LOOP('',(#1195));
#240=EDGE_LOOP('',(#1196));
#241=EDGE_LOOP('',(#1197));
#242=EDGE_LOOP('',(#1198));
#243=EDGE_LOOP('',(#1199));
#244=EDGE_LOOP('',(#1200));
#245=EDGE_LOOP('',(#1201));
#246=EDGE_LOOP('',(#1202,#1203,#1204,#1205));
#247=EDGE_LOOP('',(#1206));
#248=EDGE_LOOP('',(#1207,#1208,#1209,#1210));
#249=EDGE_LOOP('',(#1211));
#250=EDGE_LOOP('',(#1212,#1213,#1214,#1215));
#251=EDGE_LOOP('',(#1216));
#252=EDGE_LOOP('',(#1217,#1218,#1219,#1220));
#253=EDGE_LOOP('',(#1221));
#254=EDGE_LOOP('',(#1222,#1223,#1224,#1225,#1226,#1227,#1228,#1229,#1230,
#1231,#1232,#1233,#1234,#1235,#1236,#1237,#1238,#1239,#1240,#1241,#1242,
#1243,#1244,#1245,#1246,#1247,#1248,#1249,#1250,#1251,#1252,#1253));
#255=EDGE_LOOP('',(#1254));
#256=EDGE_LOOP('',(#1255));
#257=EDGE_LOOP('',(#1256));
#258=EDGE_LOOP('',(#1257));
#259=EDGE_LOOP('',(#1258));
#260=EDGE_LOOP('',(#1259));
#261=EDGE_LOOP('',(#1260));
#262=EDGE_LOOP('',(#1261));
#263=EDGE_LOOP('',(#1262,#1263,#1264,#1265,#1266,#1267));
#264=EDGE_LOOP('',(#1268,#1269,#1270,#1271,#1272,#1273));
#265=EDGE_LOOP('',(#1274,#1275,#1276,#1277));
#266=EDGE_LOOP('',(#1278,#1279,#1280,#1281));
#267=EDGE_LOOP('',(#1282,#1283,#1284,#1285));
#268=EDGE_LOOP('',(#1286,#1287,#1288,#1289));
#269=EDGE_LOOP('',(#1290,#1291,#1292,#1293));
#270=EDGE_LOOP('',(#1294,#1295,#1296,#1297));
#271=EDGE_LOOP('',(#1298,#1299,#1300,#1301,#1302,#1303));
#272=EDGE_LOOP('',(#1304,#1305,#1306,#1307));
#273=EDGE_LOOP('',(#1308,#1309,#1310,#1311));
#274=EDGE_LOOP('',(#1312,#1313,#1314,#1315));
#275=EDGE_LOOP('',(#1316,#1317,#1318,#1319));
#276=EDGE_LOOP('',(#1320,#1321,#1322,#1323));
#277=EDGE_LOOP('',(#1324,#1325,#1326,#1327));
#278=EDGE_LOOP('',(#1328,#1329,#1330,#1331));
#279=EDGE_LOOP('',(#1332,#1333,#1334,#1335));
#280=EDGE_LOOP('',(#1336,#1337,#1338,#1339));
#281=EDGE_LOOP('',(#1340,#1341,#1342,#1343));
#282=EDGE_LOOP('',(#1344,#1345,#1346,#1347,#1348,#1349,#1350,#1351));
#283=EDGE_LOOP('',(#1352,#1353,#1354,#1355));
#284=EDGE_LOOP('',(#1356,#1357,#1358,#1359));
#285=EDGE_LOOP('',(#1360,#1361,#1362,#1363));
#286=EDGE_LOOP('',(#1364,#1365,#1366,#1367));
#287=EDGE_LOOP('',(#1368,#1369,#1370,#1371));
#288=EDGE_LOOP('',(#1372,#1373,#1374,#1375));
#289=EDGE_LOOP('',(#1376,#1377,#1378,#1379));
#290=EDGE_LOOP('',(#1380,#1381,#1382,#1383));
#291=EDGE_LOOP('',(#1384,#1385,#1386,#1387));
#292=EDGE_LOOP('',(#1388,#1389,#1390,#1391,#1392,#1393));
#293=EDGE_LOOP('',(#1394));
#294=EDGE_LOOP('',(#1395,#1396,#1397,#1398));
#295=EDGE_LOOP('',(#1399,#1400,#1401,#1402));
#296=EDGE_LOOP('',(#1403,#1404,#1405,#1406));
#297=EDGE_LOOP('',(#1407,#1408,#1409,#1410));
#298=EDGE_LOOP('',(#1411,#1412,#1413,#1414));
#299=EDGE_LOOP('',(#1415,#1416,#1417,#1418));
#300=EDGE_LOOP('',(#1419,#1420,#1421,#1422));
#301=EDGE_LOOP('',(#1423,#1424,#1425,#1426));
#302=EDGE_LOOP('',(#1427,#1428,#1429,#1430));
#303=EDGE_LOOP('',(#1431,#1432,#1433,#1434,#1435,#1436,#1437,#1438));
#304=EDGE_LOOP('',(#1439,#1440,#1441,#1442));
#305=EDGE_LOOP('',(#1443,#1444,#1445,#1446));
#306=EDGE_LOOP('',(#1447,#1448,#1449,#1450));
#307=EDGE_LOOP('',(#1451,#1452,#1453,#1454));
#308=EDGE_LOOP('',(#1455,#1456,#1457,#1458));
#309=EDGE_LOOP('',(#1459,#1460,#1461,#1462));
#310=EDGE_LOOP('',(#1463,#1464,#1465,#1466));
#311=EDGE_LOOP('',(#1467,#1468,#1469,#1470));
#312=EDGE_LOOP('',(#1471,#1472,#1473,#1474));
#313=EDGE_LOOP('',(#1475,#1476,#1477,#1478));
#314=EDGE_LOOP('',(#1479,#1480,#1481,#1482));
#315=EDGE_LOOP('',(#1483,#1484,#1485,#1486));
#316=EDGE_LOOP('',(#1487,#1488,#1489,#1490));
#317=EDGE_LOOP('',(#1491,#1492,#1493,#1494));
#318=EDGE_LOOP('',(#1495,#1496,#1497,#1498));
#319=EDGE_LOOP('',(#1499,#1500,#1501,#1502));
#320=EDGE_LOOP('',(#1503,#1504,#1505,#1506));
#321=EDGE_LOOP('',(#1507,#1508,#1509,#1510));
#322=EDGE_LOOP('',(#1511,#1512,#1513,#1514,#1515,#1516,#1517,#1518,#1519,
#1520,#1521,#1522,#1523,#1524,#1525,#1526));
#323=EDGE_LOOP('',(#1527,#1528,#1529,#1530,#1531,#1532,#1533,#1534,#1535,
#1536,#1537,#1538,#1539,#1540,#1541,#1542));
#324=EDGE_LOOP('',(#1543,#1544,#1545,#1546,#1547,#1548,#1549,#1550));
#325=LINE('',#2279,#471);
#326=LINE('',#2282,#472);
#327=LINE('',#2285,#473);
#328=LINE('',#2538,#474);
#329=LINE('',#2543,#475);
#330=LINE('',#2545,#476);
#331=LINE('',#2547,#477);
#332=LINE('',#2556,#478);
#333=LINE('',#2568,#479);
#334=LINE('',#2571,#480);
#335=LINE('',#2573,#481);
#336=LINE('',#2575,#482);
#337=LINE('',#2579,#483);
#338=LINE('',#2581,#484);
#339=LINE('',#2583,#485);
#340=LINE('',#2585,#486);
#341=LINE('',#2587,#487);
#342=LINE('',#2589,#488);
#343=LINE('',#2591,#489);
#344=LINE('',#2593,#490);
#345=LINE('',#2595,#491);
#346=LINE('',#2599,#492);
#347=LINE('',#2608,#493);
#348=LINE('',#2617,#494);
#349=LINE('',#2618,#495);
#350=LINE('',#2622,#496);
#351=LINE('',#2876,#497);
#352=LINE('',#2881,#498);
#353=LINE('',#2885,#499);
#354=LINE('',#2964,#500);
#355=LINE('',#2966,#501);
#356=LINE('',#2982,#502);
#357=LINE('',#2990,#503);
#358=LINE('',#2994,#504);
#359=LINE('',#2996,#505);
#360=LINE('',#2998,#506);
#361=LINE('',#2999,#507);
#362=LINE('',#3003,#508);
#363=LINE('',#3005,#509);
#364=LINE('',#3007,#510);
#365=LINE('',#3008,#511);
#366=LINE('',#3010,#512);
#367=LINE('',#3011,#513);
#368=LINE('',#3013,#514);
#369=LINE('',#3017,#515);
#370=LINE('',#3019,#516);
#371=LINE('',#3021,#517);
#372=LINE('',#3022,#518);
#373=LINE('',#3026,#519);
#374=LINE('',#3028,#520);
#375=LINE('',#3030,#521);
#376=LINE('',#3031,#522);
#377=LINE('',#3033,#523);
#378=LINE('',#3034,#524);
#379=LINE('',#3036,#525);
#380=LINE('',#3061,#526);
#381=LINE('',#3068,#527);
#382=LINE('',#3075,#528);
#383=LINE('',#3082,#529);
#384=LINE('',#3088,#530);
#385=LINE('',#3092,#531);
#386=LINE('',#3094,#532);
#387=LINE('',#3096,#533);
#388=LINE('',#3336,#534);
#389=LINE('',#3338,#535);
#390=LINE('',#3342,#536);
#391=LINE('',#3346,#537);
#392=LINE('',#3358,#538);
#393=LINE('',#3360,#539);
#394=LINE('',#3361,#540);
#395=LINE('',#3364,#541);
#396=LINE('',#3366,#542);
#397=LINE('',#3367,#543);
#398=LINE('',#3368,#544);
#399=LINE('',#3371,#545);
#400=LINE('',#3374,#546);
#401=LINE('',#3430,#547);
#402=LINE('',#3734,#548);
#403=LINE('',#3791,#549);
#404=LINE('',#3852,#550);
#405=LINE('',#3908,#551);
#406=LINE('',#3963,#552);
#407=LINE('',#3984,#553);
#408=LINE('',#3986,#554);
#409=LINE('',#4029,#555);
#410=LINE('',#4072,#556);
#411=LINE('',#4073,#557);
#412=LINE('',#4075,#558);
#413=LINE('',#4098,#559);
#414=LINE('',#4099,#560);
#415=LINE('',#4102,#561);
#416=LINE('',#4104,#562);
#417=LINE('',#4105,#563);
#418=LINE('',#4107,#564);
#419=LINE('',#4109,#565);
#420=LINE('',#4111,#566);
#421=LINE('',#4113,#567);
#422=LINE('',#4115,#568);
#423=LINE('',#4118,#569);
#424=LINE('',#4121,#570);
#425=LINE('',#4123,#571);
#426=LINE('',#4130,#572);
#427=LINE('',#4132,#573);
#428=LINE('',#4134,#574);
#429=LINE('',#4135,#575);
#430=LINE('',#4141,#576);
#431=LINE('',#4146,#577);
#432=LINE('',#4150,#578);
#433=LINE('',#4152,#579);
#434=LINE('',#4153,#580);
#435=LINE('',#4156,#581);
#436=LINE('',#4158,#582);
#437=LINE('',#4159,#583);
#438=LINE('',#4165,#584);
#439=LINE('',#4170,#585);
#440=LINE('',#4173,#586);
#441=LINE('',#4174,#587);
#442=LINE('',#4178,#588);
#443=LINE('',#4182,#589);
#444=LINE('',#4186,#590);
#445=LINE('',#4190,#591);
#446=LINE('',#4193,#592);
#447=LINE('',#4195,#593);
#448=LINE('',#4196,#594);
#449=LINE('',#4198,#595);
#450=LINE('',#4199,#596);
#451=LINE('',#4201,#597);
#452=LINE('',#4203,#598);
#453=LINE('',#4205,#599);
#454=LINE('',#4207,#600);
#455=LINE('',#4209,#601);
#456=LINE('',#4211,#602);
#457=LINE('',#4214,#603);
#458=LINE('',#4215,#604);
#459=LINE('',#4220,#605);
#460=LINE('',#4221,#606);
#461=LINE('',#4224,#607);
#462=LINE('',#4228,#608);
#463=LINE('',#4229,#609);
#464=LINE('',#4232,#610);
#465=LINE('',#4236,#611);
#466=LINE('',#4237,#612);
#467=LINE('',#4240,#613);
#468=LINE('',#4243,#614);
#469=LINE('',#4244,#615);
#470=LINE('',#4245,#616);
#471=VECTOR('',#1839,10.);
#472=VECTOR('',#1842,10.);
#473=VECTOR('',#1845,10.);
#474=VECTOR('',#1848,10.);
#475=VECTOR('',#1853,10.);
#476=VECTOR('',#1854,10.);
#477=VECTOR('',#1855,10.);
#478=VECTOR('',#1856,10.);
#479=VECTOR('',#1861,10.);
#480=VECTOR('',#1864,10.);
#481=VECTOR('',#1867,10.);
#482=VECTOR('',#1868,10.);
#483=VECTOR('',#1871,10.);
#484=VECTOR('',#1872,10.);
#485=VECTOR('',#1873,10.);
#486=VECTOR('',#1874,10.);
#487=VECTOR('',#1875,10.);
#488=VECTOR('',#1876,10.);
#489=VECTOR('',#1877,10.);
#490=VECTOR('',#1878,10.);
#491=VECTOR('',#1879,10.);
#492=VECTOR('',#1884,10.);
#493=VECTOR('',#1885,10.);
#494=VECTOR('',#1886,10.);
#495=VECTOR('',#1887,10.);
#496=VECTOR('',#1892,10.);
#497=VECTOR('',#1897,10.);
#498=VECTOR('',#1902,10.);
#499=VECTOR('',#1907,10.);
#500=VECTOR('',#1918,10.);
#501=VECTOR('',#1919,10.);
#502=VECTOR('',#1922,10.);
#503=VECTOR('',#1923,10.);
#504=VECTOR('',#1926,10.);
#505=VECTOR('',#1927,10.);
#506=VECTOR('',#1928,10.);
#507=VECTOR('',#1929,10.);
#508=VECTOR('',#1932,10.);
#509=VECTOR('',#1933,10.);
#510=VECTOR('',#1934,10.);
#511=VECTOR('',#1935,10.);
#512=VECTOR('',#1938,10.);
#513=VECTOR('',#1939,10.);
#514=VECTOR('',#1942,10.);
#515=VECTOR('',#1945,10.);
#516=VECTOR('',#1946,10.);
#517=VECTOR('',#1947,10.);
#518=VECTOR('',#1948,10.);
#519=VECTOR('',#1951,10.);
#520=VECTOR('',#1952,10.);
#521=VECTOR('',#1953,10.);
#522=VECTOR('',#1954,10.);
#523=VECTOR('',#1957,10.);
#524=VECTOR('',#1958,10.);
#525=VECTOR('',#1961,10.);
#526=VECTOR('',#1990,1.1);
#527=VECTOR('',#1999,1.1);
#528=VECTOR('',#2008,1.1);
#529=VECTOR('',#2017,1.1);
#530=VECTOR('',#2024,10.);
#531=VECTOR('',#2027,10.);
#532=VECTOR('',#2028,10.);
#533=VECTOR('',#2029,10.);
#534=VECTOR('',#2042,10.);
#535=VECTOR('',#2043,10.);
#536=VECTOR('',#2046,10.);
#537=VECTOR('',#2049,10.);
#538=VECTOR('',#2062,10.);
#539=VECTOR('',#2063,10.);
#540=VECTOR('',#2064,10.);
#541=VECTOR('',#2067,10.);
#542=VECTOR('',#2068,10.);
#543=VECTOR('',#2069,10.);
#544=VECTOR('',#2070,10.);
#545=VECTOR('',#2073,10.);
#546=VECTOR('',#2076,10.);
#547=VECTOR('',#2077,10.);
#548=VECTOR('',#2078,10.);
#549=VECTOR('',#2083,10.);
#550=VECTOR('',#2084,10.);
#551=VECTOR('',#2087,10.);
#552=VECTOR('',#2088,10.);
#553=VECTOR('',#2089,10.);
#554=VECTOR('',#2092,10.);
#555=VECTOR('',#2093,10.);
#556=VECTOR('',#2094,10.);
#557=VECTOR('',#2095,10.);
#558=VECTOR('',#2098,10.);
#559=VECTOR('',#2103,10.);
#560=VECTOR('',#2104,10.);
#561=VECTOR('',#2107,10.);
#562=VECTOR('',#2108,10.);
#563=VECTOR('',#2109,10.);
#564=VECTOR('',#2112,2.75);
#565=VECTOR('',#2115,2.75);
#566=VECTOR('',#2118,2.75);
#567=VECTOR('',#2121,2.75);
#568=VECTOR('',#2124,1.4);
#569=VECTOR('',#2127,1.4);
#570=VECTOR('',#2132,1.4);
#571=VECTOR('',#2135,1.4);
#572=VECTOR('',#2144,10.);
#573=VECTOR('',#2145,1000.);
#574=VECTOR('',#2146,10.);
#575=VECTOR('',#2147,1000.);
#576=VECTOR('',#2154,1000.);
#577=VECTOR('',#2159,1000.);
#578=VECTOR('',#2164,10.);
#579=VECTOR('',#2165,10.);
#580=VECTOR('',#2166,1000.);
#581=VECTOR('',#2169,10.);
#582=VECTOR('',#2170,1000.);
#583=VECTOR('',#2171,10.);
#584=VECTOR('',#2178,1000.);
#585=VECTOR('',#2183,1000.);
#586=VECTOR('',#2188,10.);
#587=VECTOR('',#2189,10.);
#588=VECTOR('',#2192,10.);
#589=VECTOR('',#2195,10.);
#590=VECTOR('',#2198,10.);
#591=VECTOR('',#2201,10.);
#592=VECTOR('',#2204,10.);
#593=VECTOR('',#2205,10.);
#594=VECTOR('',#2206,10.);
#595=VECTOR('',#2209,1000.);
#596=VECTOR('',#2210,1000.);
#597=VECTOR('',#2213,1000.);
#598=VECTOR('',#2216,1000.);
#599=VECTOR('',#2219,1000.);
#600=VECTOR('',#2222,1000.);
#601=VECTOR('',#2225,1000.);
#602=VECTOR('',#2228,1000.);
#603=VECTOR('',#2233,10.);
#604=VECTOR('',#2234,10.);
#605=VECTOR('',#2241,10.);
#606=VECTOR('',#2242,10.);
#607=VECTOR('',#2245,10.);
#608=VECTOR('',#2250,10.);
#609=VECTOR('',#2251,10.);
#610=VECTOR('',#2254,10.);
#611=VECTOR('',#2259,10.);
#612=VECTOR('',#2260,10.);
#613=VECTOR('',#2263,10.);
#614=VECTOR('',#2268,10.);
#615=VECTOR('',#2269,10.);
#616=VECTOR('',#2270,10.);
#617=CIRCLE('',#1688,5.);
#618=CIRCLE('',#1689,5.);
#619=CIRCLE('',#1691,4.);
#620=CIRCLE('',#1692,1.4);
#621=CIRCLE('',#1695,5.);
#622=CIRCLE('',#1696,5.);
#623=CIRCLE('',#1698,4.99999999999998);
#624=CIRCLE('',#1699,4.99999999999998);
#625=CIRCLE('',#1702,4.99999999999998);
#626=CIRCLE('',#1704,4.);
#627=CIRCLE('',#1705,1.4);
#628=CIRCLE('',#1707,4.99999999999998);
#629=CIRCLE('',#1709,10.);
#630=CIRCLE('',#1710,4.);
#631=CIRCLE('',#1711,10.);
#632=CIRCLE('',#1712,1.4);
#633=CIRCLE('',#1724,2.75);
#634=CIRCLE('',#1725,1.4);
#635=CIRCLE('',#1727,2.75);
#636=CIRCLE('',#1728,1.4);
#637=CIRCLE('',#1730,2.75);
#638=CIRCLE('',#1731,1.4);
#639=CIRCLE('',#1733,2.75);
#640=CIRCLE('',#1734,1.4);
#641=CIRCLE('',#1736,1.1);
#642=CIRCLE('',#1737,1.1);
#643=CIRCLE('',#1740,1.1);
#644=CIRCLE('',#1741,1.1);
#645=CIRCLE('',#1744,1.1);
#646=CIRCLE('',#1745,1.1);
#647=CIRCLE('',#1748,1.1);
#648=CIRCLE('',#1749,1.1);
#649=CIRCLE('',#1752,9.99999999999998);
#650=CIRCLE('',#1753,4.);
#651=CIRCLE('',#1754,4.);
#652=CIRCLE('',#1755,4.);
#653=CIRCLE('',#1756,10.);
#654=CIRCLE('',#1757,4.);
#655=CIRCLE('',#1758,10.);
#656=CIRCLE('',#1759,9.99999999999998);
#657=CIRCLE('',#1760,10.);
#658=CIRCLE('',#1761,10.);
#659=CIRCLE('',#1762,2.75);
#660=CIRCLE('',#1763,2.75);
#661=CIRCLE('',#1764,2.75);
#662=CIRCLE('',#1765,2.75);
#663=CIRCLE('',#1769,9.99999999999998);
#664=CIRCLE('',#1771,4.);
#665=CIRCLE('',#1784,1.4);
#666=CIRCLE('',#1792,8.50000000000001);
#667=CIRCLE('',#1793,8.50000000000001);
#668=CIRCLE('',#1795,8.5);
#669=CIRCLE('',#1796,8.5);
#670=CIRCLE('',#1800,8.50000000000001);
#671=CIRCLE('',#1801,8.50000000000001);
#672=CIRCLE('',#1803,8.5);
#673=CIRCLE('',#1804,8.5);
#674=CIRCLE('',#1807,8.05710243316513);
#675=CIRCLE('',#1808,8.05710243316425);
#676=CIRCLE('',#1809,8.05710243316748);
#677=CIRCLE('',#1810,8.05710243316664);
#678=CIRCLE('',#1824,10.);
#679=CIRCLE('',#1827,10.);
#680=CIRCLE('',#1830,9.99999999999998);
#681=VERTEX_POINT('',#2275);
#682=VERTEX_POINT('',#2276);
#683=VERTEX_POINT('',#2278);
#684=VERTEX_POINT('',#2280);
#685=VERTEX_POINT('',#2284);
#686=VERTEX_POINT('',#2286);
#687=VERTEX_POINT('',#2411);
#688=VERTEX_POINT('',#2413);
#689=VERTEX_POINT('',#2539);
#690=VERTEX_POINT('',#2542);
#691=VERTEX_POINT('',#2544);
#692=VERTEX_POINT('',#2546);
#693=VERTEX_POINT('',#2548);
#694=VERTEX_POINT('',#2555);
#695=VERTEX_POINT('',#2564);
#696=VERTEX_POINT('',#2565);
#697=VERTEX_POINT('',#2567);
#698=VERTEX_POINT('',#2569);
#699=VERTEX_POINT('',#2574);
#700=VERTEX_POINT('',#2576);
#701=VERTEX_POINT('',#2578);
#702=VERTEX_POINT('',#2580);
#703=VERTEX_POINT('',#2582);
#704=VERTEX_POINT('',#2584);
#705=VERTEX_POINT('',#2586);
#706=VERTEX_POINT('',#2588);
#707=VERTEX_POINT('',#2590);
#708=VERTEX_POINT('',#2592);
#709=VERTEX_POINT('',#2594);
#710=VERTEX_POINT('',#2598);
#711=VERTEX_POINT('',#2600);
#712=VERTEX_POINT('',#2607);
#713=VERTEX_POINT('',#2609);
#714=VERTEX_POINT('',#2616);
#715=VERTEX_POINT('',#2620);
#716=VERTEX_POINT('',#2624);
#717=VERTEX_POINT('',#2749);
#718=VERTEX_POINT('',#2751);
#719=VERTEX_POINT('',#2877);
#720=VERTEX_POINT('',#2880);
#721=VERTEX_POINT('',#2884);
#722=VERTEX_POINT('',#2886);
#723=VERTEX_POINT('',#2906);
#724=VERTEX_POINT('',#2908);
#725=VERTEX_POINT('',#2930);
#726=VERTEX_POINT('',#2932);
#727=VERTEX_POINT('',#2954);
#728=VERTEX_POINT('',#2960);
#729=VERTEX_POINT('',#2963);
#730=VERTEX_POINT('',#2965);
#731=VERTEX_POINT('',#2974);
#732=VERTEX_POINT('',#2981);
#733=VERTEX_POINT('',#2983);
#734=VERTEX_POINT('',#2992);
#735=VERTEX_POINT('',#2993);
#736=VERTEX_POINT('',#2995);
#737=VERTEX_POINT('',#2997);
#738=VERTEX_POINT('',#3001);
#739=VERTEX_POINT('',#3002);
#740=VERTEX_POINT('',#3004);
#741=VERTEX_POINT('',#3006);
#742=VERTEX_POINT('',#3015);
#743=VERTEX_POINT('',#3016);
#744=VERTEX_POINT('',#3018);
#745=VERTEX_POINT('',#3020);
#746=VERTEX_POINT('',#3024);
#747=VERTEX_POINT('',#3025);
#748=VERTEX_POINT('',#3027);
#749=VERTEX_POINT('',#3029);
#750=VERTEX_POINT('',#3038);
#751=VERTEX_POINT('',#3040);
#752=VERTEX_POINT('',#3043);
#753=VERTEX_POINT('',#3045);
#754=VERTEX_POINT('',#3048);
#755=VERTEX_POINT('',#3050);
#756=VERTEX_POINT('',#3053);
#757=VERTEX_POINT('',#3055);
#758=VERTEX_POINT('',#3058);
#759=VERTEX_POINT('',#3060);
#760=VERTEX_POINT('',#3065);
#761=VERTEX_POINT('',#3067);
#762=VERTEX_POINT('',#3072);
#763=VERTEX_POINT('',#3074);
#764=VERTEX_POINT('',#3079);
#765=VERTEX_POINT('',#3081);
#766=VERTEX_POINT('',#3086);
#767=VERTEX_POINT('',#3087);
#768=VERTEX_POINT('',#3089);
#769=VERTEX_POINT('',#3091);
#770=VERTEX_POINT('',#3093);
#771=VERTEX_POINT('',#3095);
#772=VERTEX_POINT('',#3097);
#773=VERTEX_POINT('',#3125);
#774=VERTEX_POINT('',#3154);
#775=VERTEX_POINT('',#3182);
#776=VERTEX_POINT('',#3211);
#777=VERTEX_POINT('',#3239);
#778=VERTEX_POINT('',#3268);
#779=VERTEX_POINT('',#3277);
#780=VERTEX_POINT('',#3279);
#781=VERTEX_POINT('',#3301);
#782=VERTEX_POINT('',#3303);
#783=VERTEX_POINT('',#3325);
#784=VERTEX_POINT('',#3335);
#785=VERTEX_POINT('',#3337);
#786=VERTEX_POINT('',#3339);
#787=VERTEX_POINT('',#3341);
#788=VERTEX_POINT('',#3343);
#789=VERTEX_POINT('',#3345);
#790=VERTEX_POINT('',#3348);
#791=VERTEX_POINT('',#3350);
#792=VERTEX_POINT('',#3352);
#793=VERTEX_POINT('',#3354);
#794=VERTEX_POINT('',#3357);
#795=VERTEX_POINT('',#3359);
#796=VERTEX_POINT('',#3363);
#797=VERTEX_POINT('',#3365);
#798=VERTEX_POINT('',#3370);
#799=VERTEX_POINT('',#3372);
#800=VERTEX_POINT('',#3429);
#801=VERTEX_POINT('',#3609);
#802=VERTEX_POINT('',#4101);
#803=VERTEX_POINT('',#4103);
#804=VERTEX_POINT('',#4117);
#805=VERTEX_POINT('',#4128);
#806=VERTEX_POINT('',#4129);
#807=VERTEX_POINT('',#4131);
#808=VERTEX_POINT('',#4133);
#809=VERTEX_POINT('',#4137);
#810=VERTEX_POINT('',#4139);
#811=VERTEX_POINT('',#4143);
#812=VERTEX_POINT('',#4145);
#813=VERTEX_POINT('',#4149);
#814=VERTEX_POINT('',#4151);
#815=VERTEX_POINT('',#4155);
#816=VERTEX_POINT('',#4157);
#817=VERTEX_POINT('',#4161);
#818=VERTEX_POINT('',#4163);
#819=VERTEX_POINT('',#4167);
#820=VERTEX_POINT('',#4169);
#821=VERTEX_POINT('',#4176);
#822=VERTEX_POINT('',#4177);
#823=VERTEX_POINT('',#4179);
#824=VERTEX_POINT('',#4181);
#825=VERTEX_POINT('',#4183);
#826=VERTEX_POINT('',#4185);
#827=VERTEX_POINT('',#4187);
#828=VERTEX_POINT('',#4189);
#829=VERTEX_POINT('',#4192);
#830=VERTEX_POINT('',#4194);
#831=VERTEX_POINT('',#4219);
#832=VERTEX_POINT('',#4223);
#833=VERTEX_POINT('',#4227);
#834=VERTEX_POINT('',#4231);
#835=VERTEX_POINT('',#4235);
#836=VERTEX_POINT('',#4239);
#837=EDGE_CURVE('',#681,#682,#617,.T.);
#838=EDGE_CURVE('',#681,#683,#325,.T.);
#839=EDGE_CURVE('',#684,#683,#618,.T.);
#840=EDGE_CURVE('',#684,#682,#326,.T.);
#841=EDGE_CURVE('',#685,#683,#327,.T.);
#842=EDGE_CURVE('',#685,#686,#47,.F.);
#843=EDGE_CURVE('',#686,#687,#619,.T.);
#844=EDGE_CURVE('',#687,#688,#48,.F.);
#845=EDGE_CURVE('',#684,#688,#328,.T.);
#846=EDGE_CURVE('',#689,#689,#620,.T.);
#847=EDGE_CURVE('',#690,#681,#329,.T.);
#848=EDGE_CURVE('',#691,#690,#330,.T.);
#849=EDGE_CURVE('',#691,#692,#331,.T.);
#850=EDGE_CURVE('',#692,#693,#49,.F.);
#851=EDGE_CURVE('',#693,#694,#332,.F.);
#852=EDGE_CURVE('',#694,#685,#50,.F.);
#853=EDGE_CURVE('',#695,#696,#621,.T.);
#854=EDGE_CURVE('',#695,#697,#333,.T.);
#855=EDGE_CURVE('',#698,#697,#622,.T.);
#856=EDGE_CURVE('',#698,#696,#334,.T.);
#857=EDGE_CURVE('',#682,#698,#335,.T.);
#858=EDGE_CURVE('',#697,#699,#336,.T.);
#859=EDGE_CURVE('',#699,#700,#623,.T.);
#860=EDGE_CURVE('',#700,#701,#337,.T.);
#861=EDGE_CURVE('',#701,#702,#338,.T.);
#862=EDGE_CURVE('',#703,#702,#339,.T.);
#863=EDGE_CURVE('',#704,#703,#340,.T.);
#864=EDGE_CURVE('',#705,#704,#341,.T.);
#865=EDGE_CURVE('',#706,#705,#342,.T.);
#866=EDGE_CURVE('',#707,#706,#343,.T.);
#867=EDGE_CURVE('',#707,#708,#344,.T.);
#868=EDGE_CURVE('',#708,#709,#345,.T.);
#869=EDGE_CURVE('',#709,#690,#624,.T.);
#870=EDGE_CURVE('',#695,#710,#346,.T.);
#871=EDGE_CURVE('',#710,#711,#51,.F.);
#872=EDGE_CURVE('',#711,#712,#347,.F.);
#873=EDGE_CURVE('',#712,#713,#52,.F.);
#874=EDGE_CURVE('',#713,#714,#348,.T.);
#875=EDGE_CURVE('',#699,#714,#349,.T.);
#876=EDGE_CURVE('',#715,#714,#625,.T.);
#877=EDGE_CURVE('',#715,#700,#350,.T.);
#878=EDGE_CURVE('',#713,#716,#53,.F.);
#879=EDGE_CURVE('',#716,#717,#626,.T.);
#880=EDGE_CURVE('',#717,#718,#54,.F.);
#881=EDGE_CURVE('',#715,#718,#351,.T.);
#882=EDGE_CURVE('',#719,#719,#627,.T.);
#883=EDGE_CURVE('',#709,#720,#352,.T.);
#884=EDGE_CURVE('',#691,#720,#628,.T.);
#885=EDGE_CURVE('',#721,#720,#353,.T.);
#886=EDGE_CURVE('',#721,#722,#55,.F.);
#887=EDGE_CURVE('',#722,#723,#629,.T.);
#888=EDGE_CURVE('',#723,#724,#56,.T.);
#889=EDGE_CURVE('',#724,#725,#630,.T.);
#890=EDGE_CURVE('',#725,#726,#57,.T.);
#891=EDGE_CURVE('',#726,#727,#631,.T.);
#892=EDGE_CURVE('',#727,#692,#58,.F.);
#893=EDGE_CURVE('',#728,#728,#632,.T.);
#894=EDGE_CURVE('',#708,#729,#354,.T.);
#895=EDGE_CURVE('',#729,#730,#355,.F.);
#896=EDGE_CURVE('',#730,#721,#59,.F.);
#897=EDGE_CURVE('',#688,#731,#60,.F.);
#898=EDGE_CURVE('',#731,#732,#356,.F.);
#899=EDGE_CURVE('',#732,#733,#61,.F.);
#900=EDGE_CURVE('',#733,#696,#357,.T.);
#901=EDGE_CURVE('',#734,#735,#358,.T.);
#902=EDGE_CURVE('',#735,#736,#359,.T.);
#903=EDGE_CURVE('',#737,#736,#360,.T.);
#904=EDGE_CURVE('',#734,#737,#361,.T.);
#905=EDGE_CURVE('',#738,#739,#362,.T.);
#906=EDGE_CURVE('',#740,#739,#363,.T.);
#907=EDGE_CURVE('',#741,#740,#364,.T.);
#908=EDGE_CURVE('',#738,#741,#365,.T.);
#909=EDGE_CURVE('',#735,#738,#366,.T.);
#910=EDGE_CURVE('',#736,#741,#367,.T.);
#911=EDGE_CURVE('',#737,#740,#368,.T.);
#912=EDGE_CURVE('',#742,#743,#369,.T.);
#913=EDGE_CURVE('',#743,#744,#370,.T.);
#914=EDGE_CURVE('',#745,#744,#371,.T.);
#915=EDGE_CURVE('',#742,#745,#372,.T.);
#916=EDGE_CURVE('',#746,#747,#373,.T.);
#917=EDGE_CURVE('',#748,#747,#374,.T.);
#918=EDGE_CURVE('',#749,#748,#375,.T.);
#919=EDGE_CURVE('',#746,#749,#376,.T.);
#920=EDGE_CURVE('',#743,#746,#377,.T.);
#921=EDGE_CURVE('',#744,#749,#378,.T.);
#922=EDGE_CURVE('',#745,#748,#379,.T.);
#923=EDGE_CURVE('',#750,#750,#633,.T.);
#924=EDGE_CURVE('',#751,#751,#634,.T.);
#925=EDGE_CURVE('',#752,#752,#635,.T.);
#926=EDGE_CURVE('',#753,#753,#636,.T.);
#927=EDGE_CURVE('',#754,#754,#637,.T.);
#928=EDGE_CURVE('',#755,#755,#638,.T.);
#929=EDGE_CURVE('',#756,#756,#639,.T.);
#930=EDGE_CURVE('',#757,#757,#640,.T.);
#931=EDGE_CURVE('',#758,#758,#641,.T.);
#932=EDGE_CURVE('',#758,#759,#380,.T.);
#933=EDGE_CURVE('',#759,#759,#642,.T.);
#934=EDGE_CURVE('',#760,#760,#643,.T.);
#935=EDGE_CURVE('',#760,#761,#381,.T.);
#936=EDGE_CURVE('',#761,#761,#644,.T.);
#937=EDGE_CURVE('',#762,#762,#645,.T.);
#938=EDGE_CURVE('',#762,#763,#382,.T.);
#939=EDGE_CURVE('',#763,#763,#646,.T.);
#940=EDGE_CURVE('',#764,#764,#647,.T.);
#941=EDGE_CURVE('',#764,#765,#383,.T.);
#942=EDGE_CURVE('',#765,#765,#648,.T.);
#943=EDGE_CURVE('',#766,#767,#384,.T.);
#944=EDGE_CURVE('',#768,#766,#649,.T.);
#945=EDGE_CURVE('',#769,#768,#385,.T.);
#946=EDGE_CURVE('',#770,#769,#386,.T.);
#947=EDGE_CURVE('',#771,#770,#387,.F.);
#948=EDGE_CURVE('',#771,#772,#62,.F.);
#949=EDGE_CURVE('',#772,#773,#650,.F.);
#950=EDGE_CURVE('',#773,#712,#63,.F.);
#951=EDGE_CURVE('',#711,#774,#64,.F.);
#952=EDGE_CURVE('',#774,#775,#651,.F.);
#953=EDGE_CURVE('',#775,#732,#65,.F.);
#954=EDGE_CURVE('',#731,#776,#66,.F.);
#955=EDGE_CURVE('',#776,#777,#652,.F.);
#956=EDGE_CURVE('',#777,#694,#67,.F.);
#957=EDGE_CURVE('',#693,#778,#68,.F.);
#958=EDGE_CURVE('',#778,#779,#653,.T.);
#959=EDGE_CURVE('',#779,#780,#69,.T.);
#960=EDGE_CURVE('',#780,#781,#654,.F.);
#961=EDGE_CURVE('',#781,#782,#70,.T.);
#962=EDGE_CURVE('',#782,#783,#655,.T.);
#963=EDGE_CURVE('',#783,#730,#71,.F.);
#964=EDGE_CURVE('',#784,#729,#388,.T.);
#965=EDGE_CURVE('',#785,#784,#389,.T.);
#966=EDGE_CURVE('',#786,#785,#656,.T.);
#967=EDGE_CURVE('',#787,#786,#390,.T.);
#968=EDGE_CURVE('',#788,#787,#657,.T.);
#969=EDGE_CURVE('',#789,#788,#391,.T.);
#970=EDGE_CURVE('',#767,#789,#658,.T.);
#971=EDGE_CURVE('',#790,#790,#659,.T.);
#972=EDGE_CURVE('',#791,#791,#660,.T.);
#973=EDGE_CURVE('',#792,#792,#661,.T.);
#974=EDGE_CURVE('',#793,#793,#662,.T.);
#975=EDGE_CURVE('',#794,#707,#392,.T.);
#976=EDGE_CURVE('',#795,#794,#393,.T.);
#977=EDGE_CURVE('',#784,#795,#394,.T.);
#978=EDGE_CURVE('',#796,#769,#395,.T.);
#979=EDGE_CURVE('',#796,#797,#396,.T.);
#980=EDGE_CURVE('',#702,#797,#397,.T.);
#981=EDGE_CURVE('',#770,#701,#398,.T.);
#982=EDGE_CURVE('',#798,#766,#399,.T.);
#983=EDGE_CURVE('',#799,#798,#663,.T.);
#984=EDGE_CURVE('',#799,#768,#400,.T.);
#985=EDGE_CURVE('',#800,#775,#401,.T.);
#986=EDGE_CURVE('',#733,#800,#72,.F.);
#987=EDGE_CURVE('',#801,#710,#73,.F.);
#988=EDGE_CURVE('',#774,#801,#402,.T.);
#989=EDGE_CURVE('',#800,#801,#664,.T.);
#990=EDGE_CURVE('',#716,#773,#403,.T.);
#991=EDGE_CURVE('',#718,#771,#74,.F.);
#992=EDGE_CURVE('',#772,#717,#404,.T.);
#993=EDGE_CURVE('',#686,#777,#405,.T.);
#994=EDGE_CURVE('',#776,#687,#406,.T.);
#995=EDGE_CURVE('',#778,#727,#407,.T.);
#996=EDGE_CURVE('',#779,#726,#408,.T.);
#997=EDGE_CURVE('',#780,#725,#409,.T.);
#998=EDGE_CURVE('',#724,#781,#410,.T.);
#999=EDGE_CURVE('',#782,#723,#411,.T.);
#1000=EDGE_CURVE('',#783,#722,#412,.T.);
#1001=EDGE_CURVE('',#795,#796,#413,.T.);
#1002=EDGE_CURVE('',#797,#794,#414,.T.);
#1003=EDGE_CURVE('',#706,#802,#415,.T.);
#1004=EDGE_CURVE('',#802,#803,#416,.T.);
#1005=EDGE_CURVE('',#703,#803,#417,.F.);
#1006=EDGE_CURVE('',#790,#752,#418,.T.);
#1007=EDGE_CURVE('',#791,#750,#419,.T.);
#1008=EDGE_CURVE('',#792,#754,#420,.T.);
#1009=EDGE_CURVE('',#793,#756,#421,.T.);
#1010=EDGE_CURVE('',#753,#719,#422,.T.);
#1011=EDGE_CURVE('',#751,#804,#423,.T.);
#1012=EDGE_CURVE('',#804,#804,#665,.T.);
#1013=EDGE_CURVE('',#755,#728,#424,.T.);
#1014=EDGE_CURVE('',#757,#689,#425,.T.);
#1015=EDGE_CURVE('',#805,#806,#426,.T.);
#1016=EDGE_CURVE('',#807,#805,#427,.T.);
#1017=EDGE_CURVE('',#807,#808,#428,.T.);
#1018=EDGE_CURVE('',#808,#806,#429,.T.);
#1019=EDGE_CURVE('',#806,#809,#666,.T.);
#1020=EDGE_CURVE('',#808,#810,#667,.T.);
#1021=EDGE_CURVE('',#810,#809,#430,.T.);
#1022=EDGE_CURVE('',#811,#805,#668,.T.);
#1023=EDGE_CURVE('',#812,#811,#431,.T.);
#1024=EDGE_CURVE('',#812,#807,#669,.T.);
#1025=EDGE_CURVE('',#809,#813,#432,.T.);
#1026=EDGE_CURVE('',#810,#814,#433,.T.);
#1027=EDGE_CURVE('',#814,#813,#434,.T.);
#1028=EDGE_CURVE('',#815,#811,#435,.T.);
#1029=EDGE_CURVE('',#816,#815,#436,.T.);
#1030=EDGE_CURVE('',#816,#812,#437,.T.);
#1031=EDGE_CURVE('',#813,#817,#670,.T.);
#1032=EDGE_CURVE('',#814,#818,#671,.T.);
#1033=EDGE_CURVE('',#818,#817,#438,.T.);
#1034=EDGE_CURVE('',#819,#815,#672,.T.);
#1035=EDGE_CURVE('',#820,#819,#439,.T.);
#1036=EDGE_CURVE('',#820,#816,#673,.T.);
#1037=EDGE_CURVE('',#817,#819,#440,.T.);
#1038=EDGE_CURVE('',#818,#820,#441,.T.);
#1039=EDGE_CURVE('',#821,#822,#442,.F.);
#1040=EDGE_CURVE('',#823,#821,#674,.F.);
#1041=EDGE_CURVE('',#824,#823,#443,.F.);
#1042=EDGE_CURVE('',#825,#824,#675,.F.);
#1043=EDGE_CURVE('',#826,#825,#444,.F.);
#1044=EDGE_CURVE('',#827,#826,#676,.F.);
#1045=EDGE_CURVE('',#828,#827,#445,.F.);
#1046=EDGE_CURVE('',#822,#828,#677,.F.);
#1047=EDGE_CURVE('',#829,#802,#446,.T.);
#1048=EDGE_CURVE('',#830,#829,#447,.T.);
#1049=EDGE_CURVE('',#803,#830,#448,.T.);
#1050=EDGE_CURVE('',#823,#820,#449,.T.);
#1051=EDGE_CURVE('',#821,#816,#450,.T.);
#1052=EDGE_CURVE('',#822,#812,#451,.T.);
#1053=EDGE_CURVE('',#828,#807,#452,.T.);
#1054=EDGE_CURVE('',#827,#808,#453,.T.);
#1055=EDGE_CURVE('',#826,#810,#454,.T.);
#1056=EDGE_CURVE('',#825,#814,#455,.T.);
#1057=EDGE_CURVE('',#824,#818,#456,.T.);
#1058=EDGE_CURVE('',#705,#829,#457,.T.);
#1059=EDGE_CURVE('',#704,#830,#458,.T.);
#1060=EDGE_CURVE('',#831,#767,#459,.T.);
#1061=EDGE_CURVE('',#831,#798,#460,.T.);
#1062=EDGE_CURVE('',#832,#789,#461,.T.);
#1063=EDGE_CURVE('',#831,#832,#678,.T.);
#1064=EDGE_CURVE('',#833,#788,#462,.T.);
#1065=EDGE_CURVE('',#833,#832,#463,.T.);
#1066=EDGE_CURVE('',#834,#787,#464,.T.);
#1067=EDGE_CURVE('',#833,#834,#679,.T.);
#1068=EDGE_CURVE('',#835,#786,#465,.T.);
#1069=EDGE_CURVE('',#835,#834,#466,.T.);
#1070=EDGE_CURVE('',#836,#785,#467,.T.);
#1071=EDGE_CURVE('',#835,#836,#680,.T.);
#1072=EDGE_CURVE('',#739,#836,#468,.T.);
#1073=EDGE_CURVE('',#799,#742,#469,.T.);
#1074=EDGE_CURVE('',#747,#734,#470,.T.);
#1075=ORIENTED_EDGE('',*,*,#837,.F.);
#1076=ORIENTED_EDGE('',*,*,#838,.T.);
#1077=ORIENTED_EDGE('',*,*,#839,.F.);
#1078=ORIENTED_EDGE('',*,*,#840,.T.);
#1079=ORIENTED_EDGE('',*,*,#839,.T.);
#1080=ORIENTED_EDGE('',*,*,#841,.F.);
#1081=ORIENTED_EDGE('',*,*,#842,.T.);
#1082=ORIENTED_EDGE('',*,*,#843,.T.);
#1083=ORIENTED_EDGE('',*,*,#844,.T.);
#1084=ORIENTED_EDGE('',*,*,#845,.F.);
#1085=ORIENTED_EDGE('',*,*,#846,.T.);
#1086=ORIENTED_EDGE('',*,*,#838,.F.);
#1087=ORIENTED_EDGE('',*,*,#847,.F.);
#1088=ORIENTED_EDGE('',*,*,#848,.F.);
#1089=ORIENTED_EDGE('',*,*,#849,.T.);
#1090=ORIENTED_EDGE('',*,*,#850,.T.);
#1091=ORIENTED_EDGE('',*,*,#851,.T.);
#1092=ORIENTED_EDGE('',*,*,#852,.T.);
#1093=ORIENTED_EDGE('',*,*,#841,.T.);
#1094=ORIENTED_EDGE('',*,*,#853,.F.);
#1095=ORIENTED_EDGE('',*,*,#854,.T.);
#1096=ORIENTED_EDGE('',*,*,#855,.F.);
#1097=ORIENTED_EDGE('',*,*,#856,.T.);
#1098=ORIENTED_EDGE('',*,*,#837,.T.);
#1099=ORIENTED_EDGE('',*,*,#857,.T.);
#1100=ORIENTED_EDGE('',*,*,#855,.T.);
#1101=ORIENTED_EDGE('',*,*,#858,.T.);
#1102=ORIENTED_EDGE('',*,*,#859,.T.);
#1103=ORIENTED_EDGE('',*,*,#860,.T.);
#1104=ORIENTED_EDGE('',*,*,#861,.T.);
#1105=ORIENTED_EDGE('',*,*,#862,.F.);
#1106=ORIENTED_EDGE('',*,*,#863,.F.);
#1107=ORIENTED_EDGE('',*,*,#864,.F.);
#1108=ORIENTED_EDGE('',*,*,#865,.F.);
#1109=ORIENTED_EDGE('',*,*,#866,.F.);
#1110=ORIENTED_EDGE('',*,*,#867,.T.);
#1111=ORIENTED_EDGE('',*,*,#868,.T.);
#1112=ORIENTED_EDGE('',*,*,#869,.T.);
#1113=ORIENTED_EDGE('',*,*,#847,.T.);
#1114=ORIENTED_EDGE('',*,*,#854,.F.);
#1115=ORIENTED_EDGE('',*,*,#870,.T.);
#1116=ORIENTED_EDGE('',*,*,#871,.T.);
#1117=ORIENTED_EDGE('',*,*,#872,.T.);
#1118=ORIENTED_EDGE('',*,*,#873,.T.);
#1119=ORIENTED_EDGE('',*,*,#874,.T.);
#1120=ORIENTED_EDGE('',*,*,#875,.F.);
#1121=ORIENTED_EDGE('',*,*,#858,.F.);
#1122=ORIENTED_EDGE('',*,*,#859,.F.);
#1123=ORIENTED_EDGE('',*,*,#875,.T.);
#1124=ORIENTED_EDGE('',*,*,#876,.F.);
#1125=ORIENTED_EDGE('',*,*,#877,.T.);
#1126=ORIENTED_EDGE('',*,*,#876,.T.);
#1127=ORIENTED_EDGE('',*,*,#874,.F.);
#1128=ORIENTED_EDGE('',*,*,#878,.T.);
#1129=ORIENTED_EDGE('',*,*,#879,.T.);
#1130=ORIENTED_EDGE('',*,*,#880,.T.);
#1131=ORIENTED_EDGE('',*,*,#881,.F.);
#1132=ORIENTED_EDGE('',*,*,#882,.T.);
#1133=ORIENTED_EDGE('',*,*,#869,.F.);
#1134=ORIENTED_EDGE('',*,*,#883,.T.);
#1135=ORIENTED_EDGE('',*,*,#884,.F.);
#1136=ORIENTED_EDGE('',*,*,#848,.T.);
#1137=ORIENTED_EDGE('',*,*,#884,.T.);
#1138=ORIENTED_EDGE('',*,*,#885,.F.);
#1139=ORIENTED_EDGE('',*,*,#886,.T.);
#1140=ORIENTED_EDGE('',*,*,#887,.T.);
#1141=ORIENTED_EDGE('',*,*,#888,.T.);
#1142=ORIENTED_EDGE('',*,*,#889,.T.);
#1143=ORIENTED_EDGE('',*,*,#890,.T.);
#1144=ORIENTED_EDGE('',*,*,#891,.T.);
#1145=ORIENTED_EDGE('',*,*,#892,.T.);
#1146=ORIENTED_EDGE('',*,*,#849,.F.);
#1147=ORIENTED_EDGE('',*,*,#893,.T.);
#1148=ORIENTED_EDGE('',*,*,#883,.F.);
#1149=ORIENTED_EDGE('',*,*,#868,.F.);
#1150=ORIENTED_EDGE('',*,*,#894,.T.);
#1151=ORIENTED_EDGE('',*,*,#895,.T.);
#1152=ORIENTED_EDGE('',*,*,#896,.T.);
#1153=ORIENTED_EDGE('',*,*,#885,.T.);
#1154=ORIENTED_EDGE('',*,*,#840,.F.);
#1155=ORIENTED_EDGE('',*,*,#845,.T.);
#1156=ORIENTED_EDGE('',*,*,#897,.T.);
#1157=ORIENTED_EDGE('',*,*,#898,.T.);
#1158=ORIENTED_EDGE('',*,*,#899,.T.);
#1159=ORIENTED_EDGE('',*,*,#900,.T.);
#1160=ORIENTED_EDGE('',*,*,#856,.F.);
#1161=ORIENTED_EDGE('',*,*,#857,.F.);
#1162=ORIENTED_EDGE('',*,*,#901,.T.);
#1163=ORIENTED_EDGE('',*,*,#902,.T.);
#1164=ORIENTED_EDGE('',*,*,#903,.F.);
#1165=ORIENTED_EDGE('',*,*,#904,.F.);
#1166=ORIENTED_EDGE('',*,*,#905,.T.);
#1167=ORIENTED_EDGE('',*,*,#906,.F.);
#1168=ORIENTED_EDGE('',*,*,#907,.F.);
#1169=ORIENTED_EDGE('',*,*,#908,.F.);
#1170=ORIENTED_EDGE('',*,*,#909,.T.);
#1171=ORIENTED_EDGE('',*,*,#908,.T.);
#1172=ORIENTED_EDGE('',*,*,#910,.F.);
#1173=ORIENTED_EDGE('',*,*,#902,.F.);
#1174=ORIENTED_EDGE('',*,*,#910,.T.);
#1175=ORIENTED_EDGE('',*,*,#907,.T.);
#1176=ORIENTED_EDGE('',*,*,#911,.F.);
#1177=ORIENTED_EDGE('',*,*,#903,.T.);
#1178=ORIENTED_EDGE('',*,*,#912,.T.);
#1179=ORIENTED_EDGE('',*,*,#913,.T.);
#1180=ORIENTED_EDGE('',*,*,#914,.F.);
#1181=ORIENTED_EDGE('',*,*,#915,.F.);
#1182=ORIENTED_EDGE('',*,*,#916,.T.);
#1183=ORIENTED_EDGE('',*,*,#917,.F.);
#1184=ORIENTED_EDGE('',*,*,#918,.F.);
#1185=ORIENTED_EDGE('',*,*,#919,.F.);
#1186=ORIENTED_EDGE('',*,*,#920,.T.);
#1187=ORIENTED_EDGE('',*,*,#919,.T.);
#1188=ORIENTED_EDGE('',*,*,#921,.F.);
#1189=ORIENTED_EDGE('',*,*,#913,.F.);
#1190=ORIENTED_EDGE('',*,*,#921,.T.);
#1191=ORIENTED_EDGE('',*,*,#918,.T.);
#1192=ORIENTED_EDGE('',*,*,#922,.F.);
#1193=ORIENTED_EDGE('',*,*,#914,.T.);
#1194=ORIENTED_EDGE('',*,*,#923,.F.);
#1195=ORIENTED_EDGE('',*,*,#924,.F.);
#1196=ORIENTED_EDGE('',*,*,#925,.F.);
#1197=ORIENTED_EDGE('',*,*,#926,.F.);
#1198=ORIENTED_EDGE('',*,*,#927,.F.);
#1199=ORIENTED_EDGE('',*,*,#928,.F.);
#1200=ORIENTED_EDGE('',*,*,#929,.F.);
#1201=ORIENTED_EDGE('',*,*,#930,.F.);
#1202=ORIENTED_EDGE('',*,*,#931,.F.);
#1203=ORIENTED_EDGE('',*,*,#932,.T.);
#1204=ORIENTED_EDGE('',*,*,#933,.T.);
#1205=ORIENTED_EDGE('',*,*,#932,.F.);
#1206=ORIENTED_EDGE('',*,*,#933,.F.);
#1207=ORIENTED_EDGE('',*,*,#934,.F.);
#1208=ORIENTED_EDGE('',*,*,#935,.T.);
#1209=ORIENTED_EDGE('',*,*,#936,.T.);
#1210=ORIENTED_EDGE('',*,*,#935,.F.);
#1211=ORIENTED_EDGE('',*,*,#936,.F.);
#1212=ORIENTED_EDGE('',*,*,#937,.F.);
#1213=ORIENTED_EDGE('',*,*,#938,.T.);
#1214=ORIENTED_EDGE('',*,*,#939,.T.);
#1215=ORIENTED_EDGE('',*,*,#938,.F.);
#1216=ORIENTED_EDGE('',*,*,#939,.F.);
#1217=ORIENTED_EDGE('',*,*,#940,.F.);
#1218=ORIENTED_EDGE('',*,*,#941,.T.);
#1219=ORIENTED_EDGE('',*,*,#942,.T.);
#1220=ORIENTED_EDGE('',*,*,#941,.F.);
#1221=ORIENTED_EDGE('',*,*,#942,.F.);
#1222=ORIENTED_EDGE('',*,*,#943,.F.);
#1223=ORIENTED_EDGE('',*,*,#944,.F.);
#1224=ORIENTED_EDGE('',*,*,#945,.F.);
#1225=ORIENTED_EDGE('',*,*,#946,.F.);
#1226=ORIENTED_EDGE('',*,*,#947,.F.);
#1227=ORIENTED_EDGE('',*,*,#948,.T.);
#1228=ORIENTED_EDGE('',*,*,#949,.T.);
#1229=ORIENTED_EDGE('',*,*,#950,.T.);
#1230=ORIENTED_EDGE('',*,*,#872,.F.);
#1231=ORIENTED_EDGE('',*,*,#951,.T.);
#1232=ORIENTED_EDGE('',*,*,#952,.T.);
#1233=ORIENTED_EDGE('',*,*,#953,.T.);
#1234=ORIENTED_EDGE('',*,*,#898,.F.);
#1235=ORIENTED_EDGE('',*,*,#954,.T.);
#1236=ORIENTED_EDGE('',*,*,#955,.T.);
#1237=ORIENTED_EDGE('',*,*,#956,.T.);
#1238=ORIENTED_EDGE('',*,*,#851,.F.);
#1239=ORIENTED_EDGE('',*,*,#957,.T.);
#1240=ORIENTED_EDGE('',*,*,#958,.T.);
#1241=ORIENTED_EDGE('',*,*,#959,.T.);
#1242=ORIENTED_EDGE('',*,*,#960,.T.);
#1243=ORIENTED_EDGE('',*,*,#961,.T.);
#1244=ORIENTED_EDGE('',*,*,#962,.T.);
#1245=ORIENTED_EDGE('',*,*,#963,.T.);
#1246=ORIENTED_EDGE('',*,*,#895,.F.);
#1247=ORIENTED_EDGE('',*,*,#964,.F.);
#1248=ORIENTED_EDGE('',*,*,#965,.F.);
#1249=ORIENTED_EDGE('',*,*,#966,.F.);
#1250=ORIENTED_EDGE('',*,*,#967,.F.);
#1251=ORIENTED_EDGE('',*,*,#968,.F.);
#1252=ORIENTED_EDGE('',*,*,#969,.F.);
#1253=ORIENTED_EDGE('',*,*,#970,.F.);
#1254=ORIENTED_EDGE('',*,*,#971,.F.);
#1255=ORIENTED_EDGE('',*,*,#972,.F.);
#1256=ORIENTED_EDGE('',*,*,#973,.F.);
#1257=ORIENTED_EDGE('',*,*,#974,.F.);
#1258=ORIENTED_EDGE('',*,*,#940,.T.);
#1259=ORIENTED_EDGE('',*,*,#937,.T.);
#1260=ORIENTED_EDGE('',*,*,#934,.T.);
#1261=ORIENTED_EDGE('',*,*,#931,.T.);
#1262=ORIENTED_EDGE('',*,*,#964,.T.);
#1263=ORIENTED_EDGE('',*,*,#894,.F.);
#1264=ORIENTED_EDGE('',*,*,#867,.F.);
#1265=ORIENTED_EDGE('',*,*,#975,.F.);
#1266=ORIENTED_EDGE('',*,*,#976,.F.);
#1267=ORIENTED_EDGE('',*,*,#977,.F.);
#1268=ORIENTED_EDGE('',*,*,#946,.T.);
#1269=ORIENTED_EDGE('',*,*,#978,.F.);
#1270=ORIENTED_EDGE('',*,*,#979,.T.);
#1271=ORIENTED_EDGE('',*,*,#980,.F.);
#1272=ORIENTED_EDGE('',*,*,#861,.F.);
#1273=ORIENTED_EDGE('',*,*,#981,.F.);
#1274=ORIENTED_EDGE('',*,*,#944,.T.);
#1275=ORIENTED_EDGE('',*,*,#982,.F.);
#1276=ORIENTED_EDGE('',*,*,#983,.F.);
#1277=ORIENTED_EDGE('',*,*,#984,.T.);
#1278=ORIENTED_EDGE('',*,*,#953,.F.);
#1279=ORIENTED_EDGE('',*,*,#985,.F.);
#1280=ORIENTED_EDGE('',*,*,#986,.F.);
#1281=ORIENTED_EDGE('',*,*,#899,.F.);
#1282=ORIENTED_EDGE('',*,*,#951,.F.);
#1283=ORIENTED_EDGE('',*,*,#871,.F.);
#1284=ORIENTED_EDGE('',*,*,#987,.F.);
#1285=ORIENTED_EDGE('',*,*,#988,.F.);
#1286=ORIENTED_EDGE('',*,*,#988,.T.);
#1287=ORIENTED_EDGE('',*,*,#989,.F.);
#1288=ORIENTED_EDGE('',*,*,#985,.T.);
#1289=ORIENTED_EDGE('',*,*,#952,.F.);
#1290=ORIENTED_EDGE('',*,*,#950,.F.);
#1291=ORIENTED_EDGE('',*,*,#990,.F.);
#1292=ORIENTED_EDGE('',*,*,#878,.F.);
#1293=ORIENTED_EDGE('',*,*,#873,.F.);
#1294=ORIENTED_EDGE('',*,*,#948,.F.);
#1295=ORIENTED_EDGE('',*,*,#991,.F.);
#1296=ORIENTED_EDGE('',*,*,#880,.F.);
#1297=ORIENTED_EDGE('',*,*,#992,.F.);
#1298=ORIENTED_EDGE('',*,*,#877,.F.);
#1299=ORIENTED_EDGE('',*,*,#881,.T.);
#1300=ORIENTED_EDGE('',*,*,#991,.T.);
#1301=ORIENTED_EDGE('',*,*,#947,.T.);
#1302=ORIENTED_EDGE('',*,*,#981,.T.);
#1303=ORIENTED_EDGE('',*,*,#860,.F.);
#1304=ORIENTED_EDGE('',*,*,#956,.F.);
#1305=ORIENTED_EDGE('',*,*,#993,.F.);
#1306=ORIENTED_EDGE('',*,*,#842,.F.);
#1307=ORIENTED_EDGE('',*,*,#852,.F.);
#1308=ORIENTED_EDGE('',*,*,#954,.F.);
#1309=ORIENTED_EDGE('',*,*,#897,.F.);
#1310=ORIENTED_EDGE('',*,*,#844,.F.);
#1311=ORIENTED_EDGE('',*,*,#994,.F.);
#1312=ORIENTED_EDGE('',*,*,#850,.F.);
#1313=ORIENTED_EDGE('',*,*,#892,.F.);
#1314=ORIENTED_EDGE('',*,*,#995,.F.);
#1315=ORIENTED_EDGE('',*,*,#957,.F.);
#1316=ORIENTED_EDGE('',*,*,#958,.F.);
#1317=ORIENTED_EDGE('',*,*,#995,.T.);
#1318=ORIENTED_EDGE('',*,*,#891,.F.);
#1319=ORIENTED_EDGE('',*,*,#996,.F.);
#1320=ORIENTED_EDGE('',*,*,#959,.F.);
#1321=ORIENTED_EDGE('',*,*,#996,.T.);
#1322=ORIENTED_EDGE('',*,*,#890,.F.);
#1323=ORIENTED_EDGE('',*,*,#997,.F.);
#1324=ORIENTED_EDGE('',*,*,#961,.F.);
#1325=ORIENTED_EDGE('',*,*,#998,.F.);
#1326=ORIENTED_EDGE('',*,*,#888,.F.);
#1327=ORIENTED_EDGE('',*,*,#999,.F.);
#1328=ORIENTED_EDGE('',*,*,#962,.F.);
#1329=ORIENTED_EDGE('',*,*,#999,.T.);
#1330=ORIENTED_EDGE('',*,*,#887,.F.);
#1331=ORIENTED_EDGE('',*,*,#1000,.F.);
#1332=ORIENTED_EDGE('',*,*,#896,.F.);
#1333=ORIENTED_EDGE('',*,*,#963,.F.);
#1334=ORIENTED_EDGE('',*,*,#1000,.T.);
#1335=ORIENTED_EDGE('',*,*,#886,.F.);
#1336=ORIENTED_EDGE('',*,*,#998,.T.);
#1337=ORIENTED_EDGE('',*,*,#960,.F.);
#1338=ORIENTED_EDGE('',*,*,#997,.T.);
#1339=ORIENTED_EDGE('',*,*,#889,.F.);
#1340=ORIENTED_EDGE('',*,*,#1001,.F.);
#1341=ORIENTED_EDGE('',*,*,#976,.T.);
#1342=ORIENTED_EDGE('',*,*,#1002,.F.);
#1343=ORIENTED_EDGE('',*,*,#979,.F.);
#1344=ORIENTED_EDGE('',*,*,#980,.T.);
#1345=ORIENTED_EDGE('',*,*,#1002,.T.);
#1346=ORIENTED_EDGE('',*,*,#975,.T.);
#1347=ORIENTED_EDGE('',*,*,#866,.T.);
#1348=ORIENTED_EDGE('',*,*,#1003,.T.);
#1349=ORIENTED_EDGE('',*,*,#1004,.T.);
#1350=ORIENTED_EDGE('',*,*,#1005,.F.);
#1351=ORIENTED_EDGE('',*,*,#862,.T.);
#1352=ORIENTED_EDGE('',*,*,#971,.T.);
#1353=ORIENTED_EDGE('',*,*,#1006,.T.);
#1354=ORIENTED_EDGE('',*,*,#925,.T.);
#1355=ORIENTED_EDGE('',*,*,#1006,.F.);
#1356=ORIENTED_EDGE('',*,*,#972,.T.);
#1357=ORIENTED_EDGE('',*,*,#1007,.T.);
#1358=ORIENTED_EDGE('',*,*,#923,.T.);
#1359=ORIENTED_EDGE('',*,*,#1007,.F.);
#1360=ORIENTED_EDGE('',*,*,#973,.T.);
#1361=ORIENTED_EDGE('',*,*,#1008,.T.);
#1362=ORIENTED_EDGE('',*,*,#927,.T.);
#1363=ORIENTED_EDGE('',*,*,#1008,.F.);
#1364=ORIENTED_EDGE('',*,*,#974,.T.);
#1365=ORIENTED_EDGE('',*,*,#1009,.T.);
#1366=ORIENTED_EDGE('',*,*,#929,.T.);
#1367=ORIENTED_EDGE('',*,*,#1009,.F.);
#1368=ORIENTED_EDGE('',*,*,#926,.T.);
#1369=ORIENTED_EDGE('',*,*,#1010,.T.);
#1370=ORIENTED_EDGE('',*,*,#882,.F.);
#1371=ORIENTED_EDGE('',*,*,#1010,.F.);
#1372=ORIENTED_EDGE('',*,*,#924,.T.);
#1373=ORIENTED_EDGE('',*,*,#1011,.T.);
#1374=ORIENTED_EDGE('',*,*,#1012,.F.);
#1375=ORIENTED_EDGE('',*,*,#1011,.F.);
#1376=ORIENTED_EDGE('',*,*,#928,.T.);
#1377=ORIENTED_EDGE('',*,*,#1013,.T.);
#1378=ORIENTED_EDGE('',*,*,#893,.F.);
#1379=ORIENTED_EDGE('',*,*,#1013,.F.);
#1380=ORIENTED_EDGE('',*,*,#930,.T.);
#1381=ORIENTED_EDGE('',*,*,#1014,.T.);
#1382=ORIENTED_EDGE('',*,*,#846,.F.);
#1383=ORIENTED_EDGE('',*,*,#1014,.F.);
#1384=ORIENTED_EDGE('',*,*,#994,.T.);
#1385=ORIENTED_EDGE('',*,*,#843,.F.);
#1386=ORIENTED_EDGE('',*,*,#993,.T.);
#1387=ORIENTED_EDGE('',*,*,#955,.F.);
#1388=ORIENTED_EDGE('',*,*,#853,.T.);
#1389=ORIENTED_EDGE('',*,*,#900,.F.);
#1390=ORIENTED_EDGE('',*,*,#986,.T.);
#1391=ORIENTED_EDGE('',*,*,#989,.T.);
#1392=ORIENTED_EDGE('',*,*,#987,.T.);
#1393=ORIENTED_EDGE('',*,*,#870,.F.);
#1394=ORIENTED_EDGE('',*,*,#1012,.T.);
#1395=ORIENTED_EDGE('',*,*,#992,.T.);
#1396=ORIENTED_EDGE('',*,*,#879,.F.);
#1397=ORIENTED_EDGE('',*,*,#990,.T.);
#1398=ORIENTED_EDGE('',*,*,#949,.F.);
#1399=ORIENTED_EDGE('',*,*,#1015,.F.);
#1400=ORIENTED_EDGE('',*,*,#1016,.F.);
#1401=ORIENTED_EDGE('',*,*,#1017,.T.);
#1402=ORIENTED_EDGE('',*,*,#1018,.T.);
#1403=ORIENTED_EDGE('',*,*,#1019,.F.);
#1404=ORIENTED_EDGE('',*,*,#1018,.F.);
#1405=ORIENTED_EDGE('',*,*,#1020,.T.);
#1406=ORIENTED_EDGE('',*,*,#1021,.T.);
#1407=ORIENTED_EDGE('',*,*,#1022,.F.);
#1408=ORIENTED_EDGE('',*,*,#1023,.F.);
#1409=ORIENTED_EDGE('',*,*,#1024,.T.);
#1410=ORIENTED_EDGE('',*,*,#1016,.T.);
#1411=ORIENTED_EDGE('',*,*,#1025,.F.);
#1412=ORIENTED_EDGE('',*,*,#1021,.F.);
#1413=ORIENTED_EDGE('',*,*,#1026,.T.);
#1414=ORIENTED_EDGE('',*,*,#1027,.T.);
#1415=ORIENTED_EDGE('',*,*,#1028,.F.);
#1416=ORIENTED_EDGE('',*,*,#1029,.F.);
#1417=ORIENTED_EDGE('',*,*,#1030,.T.);
#1418=ORIENTED_EDGE('',*,*,#1023,.T.);
#1419=ORIENTED_EDGE('',*,*,#1031,.F.);
#1420=ORIENTED_EDGE('',*,*,#1027,.F.);
#1421=ORIENTED_EDGE('',*,*,#1032,.T.);
#1422=ORIENTED_EDGE('',*,*,#1033,.T.);
#1423=ORIENTED_EDGE('',*,*,#1034,.F.);
#1424=ORIENTED_EDGE('',*,*,#1035,.F.);
#1425=ORIENTED_EDGE('',*,*,#1036,.T.);
#1426=ORIENTED_EDGE('',*,*,#1029,.T.);
#1427=ORIENTED_EDGE('',*,*,#1037,.F.);
#1428=ORIENTED_EDGE('',*,*,#1033,.F.);
#1429=ORIENTED_EDGE('',*,*,#1038,.T.);
#1430=ORIENTED_EDGE('',*,*,#1035,.T.);
#1431=ORIENTED_EDGE('',*,*,#1039,.F.);
#1432=ORIENTED_EDGE('',*,*,#1040,.F.);
#1433=ORIENTED_EDGE('',*,*,#1041,.F.);
#1434=ORIENTED_EDGE('',*,*,#1042,.F.);
#1435=ORIENTED_EDGE('',*,*,#1043,.F.);
#1436=ORIENTED_EDGE('',*,*,#1044,.F.);
#1437=ORIENTED_EDGE('',*,*,#1045,.F.);
#1438=ORIENTED_EDGE('',*,*,#1046,.F.);
#1439=ORIENTED_EDGE('',*,*,#1004,.F.);
#1440=ORIENTED_EDGE('',*,*,#1047,.F.);
#1441=ORIENTED_EDGE('',*,*,#1048,.F.);
#1442=ORIENTED_EDGE('',*,*,#1049,.F.);
#1443=ORIENTED_EDGE('',*,*,#1050,.F.);
#1444=ORIENTED_EDGE('',*,*,#1040,.T.);
#1445=ORIENTED_EDGE('',*,*,#1051,.T.);
#1446=ORIENTED_EDGE('',*,*,#1036,.F.);
#1447=ORIENTED_EDGE('',*,*,#1051,.F.);
#1448=ORIENTED_EDGE('',*,*,#1039,.T.);
#1449=ORIENTED_EDGE('',*,*,#1052,.T.);
#1450=ORIENTED_EDGE('',*,*,#1030,.F.);
#1451=ORIENTED_EDGE('',*,*,#1052,.F.);
#1452=ORIENTED_EDGE('',*,*,#1046,.T.);
#1453=ORIENTED_EDGE('',*,*,#1053,.T.);
#1454=ORIENTED_EDGE('',*,*,#1024,.F.);
#1455=ORIENTED_EDGE('',*,*,#1053,.F.);
#1456=ORIENTED_EDGE('',*,*,#1045,.T.);
#1457=ORIENTED_EDGE('',*,*,#1054,.T.);
#1458=ORIENTED_EDGE('',*,*,#1017,.F.);
#1459=ORIENTED_EDGE('',*,*,#1054,.F.);
#1460=ORIENTED_EDGE('',*,*,#1044,.T.);
#1461=ORIENTED_EDGE('',*,*,#1055,.T.);
#1462=ORIENTED_EDGE('',*,*,#1020,.F.);
#1463=ORIENTED_EDGE('',*,*,#1055,.F.);
#1464=ORIENTED_EDGE('',*,*,#1043,.T.);
#1465=ORIENTED_EDGE('',*,*,#1056,.T.);
#1466=ORIENTED_EDGE('',*,*,#1026,.F.);
#1467=ORIENTED_EDGE('',*,*,#1056,.F.);
#1468=ORIENTED_EDGE('',*,*,#1042,.T.);
#1469=ORIENTED_EDGE('',*,*,#1057,.T.);
#1470=ORIENTED_EDGE('',*,*,#1032,.F.);
#1471=ORIENTED_EDGE('',*,*,#1057,.F.);
#1472=ORIENTED_EDGE('',*,*,#1041,.T.);
#1473=ORIENTED_EDGE('',*,*,#1050,.T.);
#1474=ORIENTED_EDGE('',*,*,#1038,.F.);
#1475=ORIENTED_EDGE('',*,*,#1048,.T.);
#1476=ORIENTED_EDGE('',*,*,#1058,.F.);
#1477=ORIENTED_EDGE('',*,*,#864,.T.);
#1478=ORIENTED_EDGE('',*,*,#1059,.T.);
#1479=ORIENTED_EDGE('',*,*,#1047,.T.);
#1480=ORIENTED_EDGE('',*,*,#1003,.F.);
#1481=ORIENTED_EDGE('',*,*,#865,.T.);
#1482=ORIENTED_EDGE('',*,*,#1058,.T.);
#1483=ORIENTED_EDGE('',*,*,#1049,.T.);
#1484=ORIENTED_EDGE('',*,*,#1059,.F.);
#1485=ORIENTED_EDGE('',*,*,#863,.T.);
#1486=ORIENTED_EDGE('',*,*,#1005,.T.);
#1487=ORIENTED_EDGE('',*,*,#943,.T.);
#1488=ORIENTED_EDGE('',*,*,#1060,.F.);
#1489=ORIENTED_EDGE('',*,*,#1061,.T.);
#1490=ORIENTED_EDGE('',*,*,#982,.T.);
#1491=ORIENTED_EDGE('',*,*,#970,.T.);
#1492=ORIENTED_EDGE('',*,*,#1062,.F.);
#1493=ORIENTED_EDGE('',*,*,#1063,.F.);
#1494=ORIENTED_EDGE('',*,*,#1060,.T.);
#1495=ORIENTED_EDGE('',*,*,#969,.T.);
#1496=ORIENTED_EDGE('',*,*,#1064,.F.);
#1497=ORIENTED_EDGE('',*,*,#1065,.T.);
#1498=ORIENTED_EDGE('',*,*,#1062,.T.);
#1499=ORIENTED_EDGE('',*,*,#968,.T.);
#1500=ORIENTED_EDGE('',*,*,#1066,.F.);
#1501=ORIENTED_EDGE('',*,*,#1067,.F.);
#1502=ORIENTED_EDGE('',*,*,#1064,.T.);
#1503=ORIENTED_EDGE('',*,*,#967,.T.);
#1504=ORIENTED_EDGE('',*,*,#1068,.F.);
#1505=ORIENTED_EDGE('',*,*,#1069,.T.);
#1506=ORIENTED_EDGE('',*,*,#1066,.T.);
#1507=ORIENTED_EDGE('',*,*,#966,.T.);
#1508=ORIENTED_EDGE('',*,*,#1070,.F.);
#1509=ORIENTED_EDGE('',*,*,#1071,.F.);
#1510=ORIENTED_EDGE('',*,*,#1068,.T.);
#1511=ORIENTED_EDGE('',*,*,#906,.T.);
#1512=ORIENTED_EDGE('',*,*,#1072,.T.);
#1513=ORIENTED_EDGE('',*,*,#1070,.T.);
#1514=ORIENTED_EDGE('',*,*,#965,.T.);
#1515=ORIENTED_EDGE('',*,*,#977,.T.);
#1516=ORIENTED_EDGE('',*,*,#1001,.T.);
#1517=ORIENTED_EDGE('',*,*,#978,.T.);
#1518=ORIENTED_EDGE('',*,*,#945,.T.);
#1519=ORIENTED_EDGE('',*,*,#984,.F.);
#1520=ORIENTED_EDGE('',*,*,#1073,.T.);
#1521=ORIENTED_EDGE('',*,*,#915,.T.);
#1522=ORIENTED_EDGE('',*,*,#922,.T.);
#1523=ORIENTED_EDGE('',*,*,#917,.T.);
#1524=ORIENTED_EDGE('',*,*,#1074,.T.);
#1525=ORIENTED_EDGE('',*,*,#904,.T.);
#1526=ORIENTED_EDGE('',*,*,#911,.T.);
#1527=ORIENTED_EDGE('',*,*,#983,.T.);
#1528=ORIENTED_EDGE('',*,*,#1061,.F.);
#1529=ORIENTED_EDGE('',*,*,#1063,.T.);
#1530=ORIENTED_EDGE('',*,*,#1065,.F.);
#1531=ORIENTED_EDGE('',*,*,#1067,.T.);
#1532=ORIENTED_EDGE('',*,*,#1069,.F.);
#1533=ORIENTED_EDGE('',*,*,#1071,.T.);
#1534=ORIENTED_EDGE('',*,*,#1072,.F.);
#1535=ORIENTED_EDGE('',*,*,#905,.F.);
#1536=ORIENTED_EDGE('',*,*,#909,.F.);
#1537=ORIENTED_EDGE('',*,*,#901,.F.);
#1538=ORIENTED_EDGE('',*,*,#1074,.F.);
#1539=ORIENTED_EDGE('',*,*,#916,.F.);
#1540=ORIENTED_EDGE('',*,*,#920,.F.);
#1541=ORIENTED_EDGE('',*,*,#912,.F.);
#1542=ORIENTED_EDGE('',*,*,#1073,.F.);
#1543=ORIENTED_EDGE('',*,*,#1015,.T.);
#1544=ORIENTED_EDGE('',*,*,#1019,.T.);
#1545=ORIENTED_EDGE('',*,*,#1025,.T.);
#1546=ORIENTED_EDGE('',*,*,#1031,.T.);
#1547=ORIENTED_EDGE('',*,*,#1037,.T.);
#1548=ORIENTED_EDGE('',*,*,#1034,.T.);
#1549=ORIENTED_EDGE('',*,*,#1028,.T.);
#1550=ORIENTED_EDGE('',*,*,#1022,.T.);
#1551=CYLINDRICAL_SURFACE('',#1687,5.);
#1552=CYLINDRICAL_SURFACE('',#1694,5.);
#1553=CYLINDRICAL_SURFACE('',#1701,4.99999999999998);
#1554=CYLINDRICAL_SURFACE('',#1706,4.99999999999998);
#1555=CYLINDRICAL_SURFACE('',#1735,1.1);
#1556=CYLINDRICAL_SURFACE('',#1739,1.1);
#1557=CYLINDRICAL_SURFACE('',#1743,1.1);
#1558=CYLINDRICAL_SURFACE('',#1747,1.1);
#1559=CYLINDRICAL_SURFACE('',#1768,9.99999999999998);
#1560=CYLINDRICAL_SURFACE('',#1770,4.);
#1561=CYLINDRICAL_SURFACE('',#1773,10.);
#1562=CYLINDRICAL_SURFACE('',#1774,10.);
#1563=CYLINDRICAL_SURFACE('',#1775,4.);
#1564=CYLINDRICAL_SURFACE('',#1778,2.75);
#1565=CYLINDRICAL_SURFACE('',#1779,2.75);
#1566=CYLINDRICAL_SURFACE('',#1780,2.75);
#1567=CYLINDRICAL_SURFACE('',#1781,2.75);
#1568=CYLINDRICAL_SURFACE('',#1782,1.4);
#1569=CYLINDRICAL_SURFACE('',#1783,1.4);
#1570=CYLINDRICAL_SURFACE('',#1785,1.4);
#1571=CYLINDRICAL_SURFACE('',#1786,1.4);
#1572=CYLINDRICAL_SURFACE('',#1787,4.);
#1573=CYLINDRICAL_SURFACE('',#1789,4.);
#1574=CYLINDRICAL_SURFACE('',#1791,8.50000000000001);
#1575=CYLINDRICAL_SURFACE('',#1794,8.5);
#1576=CYLINDRICAL_SURFACE('',#1799,8.50000000000001);
#1577=CYLINDRICAL_SURFACE('',#1802,8.5);
#1578=CYLINDRICAL_SURFACE('',#1823,10.);
#1579=CYLINDRICAL_SURFACE('',#1826,10.);
#1580=CYLINDRICAL_SURFACE('',#1829,9.99999999999998);
#1581=ADVANCED_FACE('',(#123),#1551,.F.);
#1582=ADVANCED_FACE('',(#124,#29),#75,.T.);
#1583=ADVANCED_FACE('',(#125),#76,.F.);
#1584=ADVANCED_FACE('',(#126),#1552,.F.);
#1585=ADVANCED_FACE('',(#127),#77,.F.);
#1586=ADVANCED_FACE('',(#128),#78,.F.);
#1587=ADVANCED_FACE('',(#129),#1553,.F.);
#1588=ADVANCED_FACE('',(#130,#30),#79,.T.);
#1589=ADVANCED_FACE('',(#131),#1554,.F.);
#1590=ADVANCED_FACE('',(#132,#31),#80,.T.);
#1591=ADVANCED_FACE('',(#133),#81,.F.);
#1592=ADVANCED_FACE('',(#134),#82,.F.);
#1593=ADVANCED_FACE('',(#135),#83,.T.);
#1594=ADVANCED_FACE('',(#136),#84,.T.);
#1595=ADVANCED_FACE('',(#137),#85,.T.);
#1596=ADVANCED_FACE('',(#138),#86,.T.);
#1597=ADVANCED_FACE('',(#139),#87,.T.);
#1598=ADVANCED_FACE('',(#140),#88,.T.);
#1599=ADVANCED_FACE('',(#141),#89,.T.);
#1600=ADVANCED_FACE('',(#142),#90,.T.);
#1601=ADVANCED_FACE('',(#143,#32),#91,.F.);
#1602=ADVANCED_FACE('',(#144,#33),#92,.F.);
#1603=ADVANCED_FACE('',(#145,#34),#93,.F.);
#1604=ADVANCED_FACE('',(#146,#35),#94,.F.);
#1605=ADVANCED_FACE('',(#147),#1555,.F.);
#1606=ADVANCED_FACE('',(#148),#95,.T.);
#1607=ADVANCED_FACE('',(#149),#1556,.F.);
#1608=ADVANCED_FACE('',(#150),#96,.T.);
#1609=ADVANCED_FACE('',(#151),#1557,.F.);
#1610=ADVANCED_FACE('',(#152),#97,.T.);
#1611=ADVANCED_FACE('',(#153),#1558,.F.);
#1612=ADVANCED_FACE('',(#154),#98,.T.);
#1613=ADVANCED_FACE('',(#155,#36,#37,#38,#39,#40,#41,#42,#43),#99,.F.);
#1614=ADVANCED_FACE('',(#156),#100,.F.);
#1615=ADVANCED_FACE('',(#157),#101,.F.);
#1616=ADVANCED_FACE('',(#158),#1559,.T.);
#1617=ADVANCED_FACE('',(#159),#19,.T.);
#1618=ADVANCED_FACE('',(#160),#20,.T.);
#1619=ADVANCED_FACE('',(#161),#1560,.T.);
#1620=ADVANCED_FACE('',(#162),#21,.T.);
#1621=ADVANCED_FACE('',(#163),#22,.T.);
#1622=ADVANCED_FACE('',(#164),#102,.F.);
#1623=ADVANCED_FACE('',(#165),#23,.T.);
#1624=ADVANCED_FACE('',(#166),#24,.T.);
#1625=ADVANCED_FACE('',(#167),#25,.T.);
#1626=ADVANCED_FACE('',(#168),#1561,.T.);
#1627=ADVANCED_FACE('',(#169),#26,.T.);
#1628=ADVANCED_FACE('',(#170),#27,.T.);
#1629=ADVANCED_FACE('',(#171),#1562,.T.);
#1630=ADVANCED_FACE('',(#172),#28,.T.);
#1631=ADVANCED_FACE('',(#173),#1563,.T.);
#1632=ADVANCED_FACE('',(#174),#103,.F.);
#1633=ADVANCED_FACE('',(#175),#104,.F.);
#1634=ADVANCED_FACE('',(#176),#1564,.F.);
#1635=ADVANCED_FACE('',(#177),#1565,.F.);
#1636=ADVANCED_FACE('',(#178),#1566,.F.);
#1637=ADVANCED_FACE('',(#179),#1567,.F.);
#1638=ADVANCED_FACE('',(#180),#1568,.F.);
#1639=ADVANCED_FACE('',(#181),#1569,.F.);
#1640=ADVANCED_FACE('',(#182),#1570,.F.);
#1641=ADVANCED_FACE('',(#183),#1571,.F.);
#1642=ADVANCED_FACE('',(#184),#1572,.T.);
#1643=ADVANCED_FACE('',(#185,#44),#105,.T.);
#1644=ADVANCED_FACE('',(#186),#1573,.T.);
#1645=ADVANCED_FACE('',(#187),#106,.F.);
#1646=ADVANCED_FACE('',(#188),#1574,.F.);
#1647=ADVANCED_FACE('',(#189),#1575,.F.);
#1648=ADVANCED_FACE('',(#190),#107,.F.);
#1649=ADVANCED_FACE('',(#191),#108,.F.);
#1650=ADVANCED_FACE('',(#192),#1576,.F.);
#1651=ADVANCED_FACE('',(#193),#1577,.F.);
#1652=ADVANCED_FACE('',(#194),#109,.F.);
#1653=ADVANCED_FACE('',(#195,#45),#110,.T.);
#1654=ADVANCED_FACE('',(#196),#15,.F.);
#1655=ADVANCED_FACE('',(#197),#111,.F.);
#1656=ADVANCED_FACE('',(#198),#16,.F.);
#1657=ADVANCED_FACE('',(#199),#112,.F.);
#1658=ADVANCED_FACE('',(#200),#17,.F.);
#1659=ADVANCED_FACE('',(#201),#113,.F.);
#1660=ADVANCED_FACE('',(#202),#18,.F.);
#1661=ADVANCED_FACE('',(#203),#114,.F.);
#1662=ADVANCED_FACE('',(#204),#115,.F.);
#1663=ADVANCED_FACE('',(#205),#116,.F.);
#1664=ADVANCED_FACE('',(#206),#117,.F.);
#1665=ADVANCED_FACE('',(#207),#118,.T.);
#1666=ADVANCED_FACE('',(#208),#1578,.T.);
#1667=ADVANCED_FACE('',(#209),#119,.T.);
#1668=ADVANCED_FACE('',(#210),#1579,.T.);
#1669=ADVANCED_FACE('',(#211),#120,.T.);
#1670=ADVANCED_FACE('',(#212),#1580,.T.);
#1671=ADVANCED_FACE('',(#213),#121,.T.);
#1672=ADVANCED_FACE('',(#214,#46),#122,.T.);
#1673=CLOSED_SHELL('',(#1581,#1582,#1583,#1584,#1585,#1586,#1587,#1588,
#1589,#1590,#1591,#1592,#1593,#1594,#1595,#1596,#1597,#1598,#1599,#1600,
#1601,#1602,#1603,#1604,#1605,#1606,#1607,#1608,#1609,#1610,#1611,#1612,
#1613,#1614,#1615,#1616,#1617,#1618,#1619,#1620,#1621,#1622,#1623,#1624,
#1625,#1626,#1627,#1628,#1629,#1630,#1631,#1632,#1633,#1634,#1635,#1636,
#1637,#1638,#1639,#1640,#1641,#1642,#1643,#1644,#1645,#1646,#1647,#1648,
#1649,#1650,#1651,#1652,#1653,#1654,#1655,#1656,#1657,#1658,#1659,#1660,
#1661,#1662,#1663,#1664,#1665,#1666,#1667,#1668,#1669,#1670,#1671,#1672));
#1674=DERIVED_UNIT_ELEMENT(#1676,1.);
#1675=DERIVED_UNIT_ELEMENT(#4252,-3.);
#1676=(
MASS_UNIT()
NAMED_UNIT(*)
SI_UNIT(.KILO.,.GRAM.)
);
#1677=DERIVED_UNIT((#1674,#1675));
#1678=MEASURE_REPRESENTATION_ITEM('density measure',
POSITIVE_RATIO_MEASURE(7850.),#1677);
#1679=PROPERTY_DEFINITION_REPRESENTATION(#1684,#1681);
#1680=PROPERTY_DEFINITION_REPRESENTATION(#1685,#1682);
#1681=REPRESENTATION('material name',(#1683),#4249);
#1682=REPRESENTATION('density',(#1678),#4249);
#1683=DESCRIPTIVE_REPRESENTATION_ITEM('Acier','Acier');
#1684=PROPERTY_DEFINITION('material property','material name',#4259);
#1685=PROPERTY_DEFINITION('material property','density of part',#4259);
#1686=AXIS2_PLACEMENT_3D('',#2273,#1833,#1834);
#1687=AXIS2_PLACEMENT_3D('',#2274,#1835,#1836);
#1688=AXIS2_PLACEMENT_3D('',#2277,#1837,#1838);
#1689=AXIS2_PLACEMENT_3D('',#2281,#1840,#1841);
#1690=AXIS2_PLACEMENT_3D('',#2283,#1843,#1844);
#1691=AXIS2_PLACEMENT_3D('',#2412,#1846,#1847);
#1692=AXIS2_PLACEMENT_3D('',#2540,#1849,#1850);
#1693=AXIS2_PLACEMENT_3D('',#2541,#1851,#1852);
#1694=AXIS2_PLACEMENT_3D('',#2563,#1857,#1858);
#1695=AXIS2_PLACEMENT_3D('',#2566,#1859,#1860);
#1696=AXIS2_PLACEMENT_3D('',#2570,#1862,#1863);
#1697=AXIS2_PLACEMENT_3D('',#2572,#1865,#1866);
#1698=AXIS2_PLACEMENT_3D('',#2577,#1869,#1870);
#1699=AXIS2_PLACEMENT_3D('',#2596,#1880,#1881);
#1700=AXIS2_PLACEMENT_3D('',#2597,#1882,#1883);
#1701=AXIS2_PLACEMENT_3D('',#2619,#1888,#1889);
#1702=AXIS2_PLACEMENT_3D('',#2621,#1890,#1891);
#1703=AXIS2_PLACEMENT_3D('',#2623,#1893,#1894);
#1704=AXIS2_PLACEMENT_3D('',#2750,#1895,#1896);
#1705=AXIS2_PLACEMENT_3D('',#2878,#1898,#1899);
#1706=AXIS2_PLACEMENT_3D('',#2879,#1900,#1901);
#1707=AXIS2_PLACEMENT_3D('',#2882,#1903,#1904);
#1708=AXIS2_PLACEMENT_3D('',#2883,#1905,#1906);
#1709=AXIS2_PLACEMENT_3D('',#2907,#1908,#1909);
#1710=AXIS2_PLACEMENT_3D('',#2931,#1910,#1911);
#1711=AXIS2_PLACEMENT_3D('',#2955,#1912,#1913);
#1712=AXIS2_PLACEMENT_3D('',#2961,#1914,#1915);
#1713=AXIS2_PLACEMENT_3D('',#2962,#1916,#1917);
#1714=AXIS2_PLACEMENT_3D('',#2973,#1920,#1921);
#1715=AXIS2_PLACEMENT_3D('',#2991,#1924,#1925);
#1716=AXIS2_PLACEMENT_3D('',#3000,#1930,#1931);
#1717=AXIS2_PLACEMENT_3D('',#3009,#1936,#1937);
#1718=AXIS2_PLACEMENT_3D('',#3012,#1940,#1941);
#1719=AXIS2_PLACEMENT_3D('',#3014,#1943,#1944);
#1720=AXIS2_PLACEMENT_3D('',#3023,#1949,#1950);
#1721=AXIS2_PLACEMENT_3D('',#3032,#1955,#1956);
#1722=AXIS2_PLACEMENT_3D('',#3035,#1959,#1960);
#1723=AXIS2_PLACEMENT_3D('',#3037,#1962,#1963);
#1724=AXIS2_PLACEMENT_3D('',#3039,#1964,#1965);
#1725=AXIS2_PLACEMENT_3D('',#3041,#1966,#1967);
#1726=AXIS2_PLACEMENT_3D('',#3042,#1968,#1969);
#1727=AXIS2_PLACEMENT_3D('',#3044,#1970,#1971);
#1728=AXIS2_PLACEMENT_3D('',#3046,#1972,#1973);
#1729=AXIS2_PLACEMENT_3D('',#3047,#1974,#1975);
#1730=AXIS2_PLACEMENT_3D('',#3049,#1976,#1977);
#1731=AXIS2_PLACEMENT_3D('',#3051,#1978,#1979);
#1732=AXIS2_PLACEMENT_3D('',#3052,#1980,#1981);
#1733=AXIS2_PLACEMENT_3D('',#3054,#1982,#1983);
#1734=AXIS2_PLACEMENT_3D('',#3056,#1984,#1985);
#1735=AXIS2_PLACEMENT_3D('',#3057,#1986,#1987);
#1736=AXIS2_PLACEMENT_3D('',#3059,#1988,#1989);
#1737=AXIS2_PLACEMENT_3D('',#3062,#1991,#1992);
#1738=AXIS2_PLACEMENT_3D('',#3063,#1993,#1994);
#1739=AXIS2_PLACEMENT_3D('',#3064,#1995,#1996);
#1740=AXIS2_PLACEMENT_3D('',#3066,#1997,#1998);
#1741=AXIS2_PLACEMENT_3D('',#3069,#2000,#2001);
#1742=AXIS2_PLACEMENT_3D('',#3070,#2002,#2003);
#1743=AXIS2_PLACEMENT_3D('',#3071,#2004,#2005);
#1744=AXIS2_PLACEMENT_3D('',#3073,#2006,#2007);
#1745=AXIS2_PLACEMENT_3D('',#3076,#2009,#2010);
#1746=AXIS2_PLACEMENT_3D('',#3077,#2011,#2012);
#1747=AXIS2_PLACEMENT_3D('',#3078,#2013,#2014);
#1748=AXIS2_PLACEMENT_3D('',#3080,#2015,#2016);
#1749=AXIS2_PLACEMENT_3D('',#3083,#2018,#2019);
#1750=AXIS2_PLACEMENT_3D('',#3084,#2020,#2021);
#1751=AXIS2_PLACEMENT_3D('',#3085,#2022,#2023);
#1752=AXIS2_PLACEMENT_3D('',#3090,#2025,#2026);
#1753=AXIS2_PLACEMENT_3D('',#3126,#2030,#2031);
#1754=AXIS2_PLACEMENT_3D('',#3183,#2032,#2033);
#1755=AXIS2_PLACEMENT_3D('',#3240,#2034,#2035);
#1756=AXIS2_PLACEMENT_3D('',#3278,#2036,#2037);
#1757=AXIS2_PLACEMENT_3D('',#3302,#2038,#2039);
#1758=AXIS2_PLACEMENT_3D('',#3326,#2040,#2041);
#1759=AXIS2_PLACEMENT_3D('',#3340,#2044,#2045);
#1760=AXIS2_PLACEMENT_3D('',#3344,#2047,#2048);
#1761=AXIS2_PLACEMENT_3D('',#3347,#2050,#2051);
#1762=AXIS2_PLACEMENT_3D('',#3349,#2052,#2053);
#1763=AXIS2_PLACEMENT_3D('',#3351,#2054,#2055);
#1764=AXIS2_PLACEMENT_3D('',#3353,#2056,#2057);
#1765=AXIS2_PLACEMENT_3D('',#3355,#2058,#2059);
#1766=AXIS2_PLACEMENT_3D('',#3356,#2060,#2061);
#1767=AXIS2_PLACEMENT_3D('',#3362,#2065,#2066);
#1768=AXIS2_PLACEMENT_3D('',#3369,#2071,#2072);
#1769=AXIS2_PLACEMENT_3D('',#3373,#2074,#2075);
#1770=AXIS2_PLACEMENT_3D('',#3735,#2079,#2080);
#1771=AXIS2_PLACEMENT_3D('',#3736,#2081,#2082);
#1772=AXIS2_PLACEMENT_3D('',#3853,#2085,#2086);
#1773=AXIS2_PLACEMENT_3D('',#3985,#2090,#2091);
#1774=AXIS2_PLACEMENT_3D('',#4074,#2096,#2097);
#1775=AXIS2_PLACEMENT_3D('',#4096,#2099,#2100);
#1776=AXIS2_PLACEMENT_3D('',#4097,#2101,#2102);
#1777=AXIS2_PLACEMENT_3D('',#4100,#2105,#2106);
#1778=AXIS2_PLACEMENT_3D('',#4106,#2110,#2111);
#1779=AXIS2_PLACEMENT_3D('',#4108,#2113,#2114);
#1780=AXIS2_PLACEMENT_3D('',#4110,#2116,#2117);
#1781=AXIS2_PLACEMENT_3D('',#4112,#2119,#2120);
#1782=AXIS2_PLACEMENT_3D('',#4114,#2122,#2123);
#1783=AXIS2_PLACEMENT_3D('',#4116,#2125,#2126);
#1784=AXIS2_PLACEMENT_3D('',#4119,#2128,#2129);
#1785=AXIS2_PLACEMENT_3D('',#4120,#2130,#2131);
#1786=AXIS2_PLACEMENT_3D('',#4122,#2133,#2134);
#1787=AXIS2_PLACEMENT_3D('',#4124,#2136,#2137);
#1788=AXIS2_PLACEMENT_3D('',#4125,#2138,#2139);
#1789=AXIS2_PLACEMENT_3D('',#4126,#2140,#2141);
#1790=AXIS2_PLACEMENT_3D('',#4127,#2142,#2143);
#1791=AXIS2_PLACEMENT_3D('',#4136,#2148,#2149);
#1792=AXIS2_PLACEMENT_3D('',#4138,#2150,#2151);
#1793=AXIS2_PLACEMENT_3D('',#4140,#2152,#2153);
#1794=AXIS2_PLACEMENT_3D('',#4142,#2155,#2156);
#1795=AXIS2_PLACEMENT_3D('',#4144,#2157,#2158);
#1796=AXIS2_PLACEMENT_3D('',#4147,#2160,#2161);
#1797=AXIS2_PLACEMENT_3D('',#4148,#2162,#2163);
#1798=AXIS2_PLACEMENT_3D('',#4154,#2167,#2168);
#1799=AXIS2_PLACEMENT_3D('',#4160,#2172,#2173);
#1800=AXIS2_PLACEMENT_3D('',#4162,#2174,#2175);
#1801=AXIS2_PLACEMENT_3D('',#4164,#2176,#2177);
#1802=AXIS2_PLACEMENT_3D('',#4166,#2179,#2180);
#1803=AXIS2_PLACEMENT_3D('',#4168,#2181,#2182);
#1804=AXIS2_PLACEMENT_3D('',#4171,#2184,#2185);
#1805=AXIS2_PLACEMENT_3D('',#4172,#2186,#2187);
#1806=AXIS2_PLACEMENT_3D('',#4175,#2190,#2191);
#1807=AXIS2_PLACEMENT_3D('',#4180,#2193,#2194);
#1808=AXIS2_PLACEMENT_3D('',#4184,#2196,#2197);
#1809=AXIS2_PLACEMENT_3D('',#4188,#2199,#2200);
#1810=AXIS2_PLACEMENT_3D('',#4191,#2202,#2203);
#1811=AXIS2_PLACEMENT_3D('',#4197,#2207,#2208);
#1812=AXIS2_PLACEMENT_3D('',#4200,#2211,#2212);
#1813=AXIS2_PLACEMENT_3D('',#4202,#2214,#2215);
#1814=AXIS2_PLACEMENT_3D('',#4204,#2217,#2218);
#1815=AXIS2_PLACEMENT_3D('',#4206,#2220,#2221);
#1816=AXIS2_PLACEMENT_3D('',#4208,#2223,#2224);
#1817=AXIS2_PLACEMENT_3D('',#4210,#2226,#2227);
#1818=AXIS2_PLACEMENT_3D('',#4212,#2229,#2230);
#1819=AXIS2_PLACEMENT_3D('',#4213,#2231,#2232);
#1820=AXIS2_PLACEMENT_3D('',#4216,#2235,#2236);
#1821=AXIS2_PLACEMENT_3D('',#4217,#2237,#2238);
#1822=AXIS2_PLACEMENT_3D('',#4218,#2239,#2240);
#1823=AXIS2_PLACEMENT_3D('',#4222,#2243,#2244);
#1824=AXIS2_PLACEMENT_3D('',#4225,#2246,#2247);
#1825=AXIS2_PLACEMENT_3D('',#4226,#2248,#2249);
#1826=AXIS2_PLACEMENT_3D('',#4230,#2252,#2253);
#1827=AXIS2_PLACEMENT_3D('',#4233,#2255,#2256);
#1828=AXIS2_PLACEMENT_3D('',#4234,#2257,#2258);
#1829=AXIS2_PLACEMENT_3D('',#4238,#2261,#2262);
#1830=AXIS2_PLACEMENT_3D('',#4241,#2264,#2265);
#1831=AXIS2_PLACEMENT_3D('',#4242,#2266,#2267);
#1832=AXIS2_PLACEMENT_3D('',#4246,#2271,#2272);
#1833=DIRECTION('axis',(0.,0.,1.));
#1834=DIRECTION('refdir',(1.,0.,0.));
#1835=DIRECTION('center_axis',(0.,0.,1.));
#1836=DIRECTION('ref_axis',(-0.70710678118655,-0.707106781186545,0.));
#1837=DIRECTION('center_axis',(0.,0.,-1.));
#1838=DIRECTION('ref_axis',(-0.70710678118655,-0.707106781186545,0.));
#1839=DIRECTION('',(0.,0.,-1.));
#1840=DIRECTION('center_axis',(0.,0.,1.));
#1841=DIRECTION('ref_axis',(-0.70710678118655,-0.707106781186545,0.));
#1842=DIRECTION('',(0.,0.,1.));
#1843=DIRECTION('center_axis',(0.,0.,1.));
#1844=DIRECTION('ref_axis',(-1.,0.,0.));
#1845=DIRECTION('',(-1.,-1.61575117282177E-16,0.));
#1846=DIRECTION('center_axis',(0.,0.,1.));
#1847=DIRECTION('ref_axis',(-1.,0.,0.));
#1848=DIRECTION('',(0.,1.,0.));
#1849=DIRECTION('center_axis',(0.,0.,-1.));
#1850=DIRECTION('ref_axis',(1.,0.,0.));
#1851=DIRECTION('center_axis',(1.61575117282177E-16,-1.,0.));
#1852=DIRECTION('ref_axis',(-1.,-1.61575117282177E-16,0.));
#1853=DIRECTION('',(-1.,-1.61575117282177E-16,0.));
#1854=DIRECTION('',(0.,0.,1.));
#1855=DIRECTION('',(-1.,-1.61575117282177E-16,0.));
#1856=DIRECTION('',(1.,1.61575117282177E-16,0.));
#1857=DIRECTION('center_axis',(0.,0.,-1.));
#1858=DIRECTION('ref_axis',(-0.707106781186547,0.707106781186547,0.));
#1859=DIRECTION('center_axis',(0.,0.,1.));
#1860=DIRECTION('ref_axis',(-0.707106781186547,0.707106781186547,0.));
#1861=DIRECTION('',(0.,0.,1.));
#1862=DIRECTION('center_axis',(0.,0.,-1.));
#1863=DIRECTION('ref_axis',(-0.707106781186547,0.707106781186547,0.));
#1864=DIRECTION('',(0.,0.,-1.));
#1865=DIRECTION('center_axis',(0.,0.,1.));
#1866=DIRECTION('ref_axis',(-1.,0.,0.));
#1867=DIRECTION('',(0.,1.,0.));
#1868=DIRECTION('',(1.,-1.61575117282177E-16,0.));
#1869=DIRECTION('center_axis',(0.,0.,-1.));
#1870=DIRECTION('ref_axis',(0.707106781186546,0.707106781186549,0.));
#1871=DIRECTION('',(0.,-1.,0.));
#1872=DIRECTION('',(-1.,0.,0.));
#1873=DIRECTION('',(0.,-1.,0.));
#1874=DIRECTION('',(1.,-1.61575117282177E-16,0.));
#1875=DIRECTION('',(0.,1.,0.));
#1876=DIRECTION('',(-1.,-1.61575117282177E-16,0.));
#1877=DIRECTION('',(0.,-1.,0.));
#1878=DIRECTION('',(1.,0.,0.));
#1879=DIRECTION('',(0.,-1.,0.));
#1880=DIRECTION('center_axis',(0.,0.,-1.));
#1881=DIRECTION('ref_axis',(0.707106781186545,-0.70710678118655,0.));
#1882=DIRECTION('center_axis',(1.61575117282177E-16,1.,0.));
#1883=DIRECTION('ref_axis',(1.,-1.61575117282177E-16,0.));
#1884=DIRECTION('',(1.,-1.61575117282177E-16,0.));
#1885=DIRECTION('',(-1.,1.61575117282177E-16,0.));
#1886=DIRECTION('',(1.,-1.61575117282177E-16,0.));
#1887=DIRECTION('',(0.,0.,-1.));
#1888=DIRECTION('center_axis',(0.,0.,1.));
#1889=DIRECTION('ref_axis',(0.707106781186546,0.707106781186549,0.));
#1890=DIRECTION('center_axis',(0.,0.,1.));
#1891=DIRECTION('ref_axis',(0.707106781186546,0.707106781186549,0.));
#1892=DIRECTION('',(0.,0.,1.));
#1893=DIRECTION('center_axis',(0.,0.,1.));
#1894=DIRECTION('ref_axis',(-1.,0.,0.));
#1895=DIRECTION('center_axis',(0.,0.,1.));
#1896=DIRECTION('ref_axis',(-1.,0.,0.));
#1897=DIRECTION('',(0.,-1.,0.));
#1898=DIRECTION('center_axis',(0.,0.,-1.));
#1899=DIRECTION('ref_axis',(1.,0.,0.));
#1900=DIRECTION('center_axis',(0.,0.,1.));
#1901=DIRECTION('ref_axis',(0.707106781186545,-0.70710678118655,0.));
#1902=DIRECTION('',(0.,0.,-1.));
#1903=DIRECTION('center_axis',(0.,0.,1.));
#1904=DIRECTION('ref_axis',(0.707106781186545,-0.70710678118655,0.));
#1905=DIRECTION('center_axis',(0.,0.,1.));
#1906=DIRECTION('ref_axis',(-1.,0.,0.));
#1907=DIRECTION('',(0.,-1.,0.));
#1908=DIRECTION('center_axis',(0.,0.,1.));
#1909=DIRECTION('ref_axis',(-1.,0.,0.));
#1910=DIRECTION('center_axis',(0.,0.,1.));
#1911=DIRECTION('ref_axis',(-1.,0.,0.));
#1912=DIRECTION('center_axis',(0.,0.,1.));
#1913=DIRECTION('ref_axis',(-1.,0.,0.));
#1914=DIRECTION('center_axis',(0.,0.,-1.));
#1915=DIRECTION('ref_axis',(1.,0.,0.));
#1916=DIRECTION('center_axis',(1.,0.,0.));
#1917=DIRECTION('ref_axis',(0.,-1.,0.));
#1918=DIRECTION('',(0.,0.,-1.));
#1919=DIRECTION('',(0.,1.,0.));
#1920=DIRECTION('center_axis',(-1.,0.,0.));
#1921=DIRECTION('ref_axis',(0.,1.,0.));
#1922=DIRECTION('',(0.,-1.,0.));
#1923=DIRECTION('',(0.,1.,0.));
#1924=DIRECTION('center_axis',(-0.707106781186548,0.707106781186548,0.));
#1925=DIRECTION('ref_axis',(0.707106781186548,0.707106781186548,0.));
#1926=DIRECTION('',(0.707106781186547,0.707106781186547,0.));
#1927=DIRECTION('',(0.,0.,-1.));
#1928=DIRECTION('',(0.707106781186547,0.707106781186547,0.));
#1929=DIRECTION('',(0.,0.,-1.));
#1930=DIRECTION('center_axis',(-0.707106781186548,-0.707106781186548,0.));
#1931=DIRECTION('ref_axis',(-0.707106781186548,0.707106781186548,0.));
#1932=DIRECTION('',(-0.707106781186547,0.707106781186547,0.));
#1933=DIRECTION('',(0.,0.,1.));
#1934=DIRECTION('',(-0.707106781186547,0.707106781186547,0.));
#1935=DIRECTION('',(0.,0.,-1.));
#1936=DIRECTION('center_axis',(1.,0.,0.));
#1937=DIRECTION('ref_axis',(0.,-1.,0.));
#1938=DIRECTION('',(0.,-1.,0.));
#1939=DIRECTION('',(0.,-1.,0.));
#1940=DIRECTION('center_axis',(0.,0.,-1.));
#1941=DIRECTION('ref_axis',(-1.,0.,0.));
#1942=DIRECTION('',(0.,-1.,0.));
#1943=DIRECTION('center_axis',(-0.707106781186548,0.707106781186548,0.));
#1944=DIRECTION('ref_axis',(0.707106781186548,0.707106781186548,0.));
#1945=DIRECTION('',(0.707106781186547,0.707106781186547,0.));
#1946=DIRECTION('',(0.,0.,-1.));
#1947=DIRECTION('',(0.707106781186547,0.707106781186547,0.));
#1948=DIRECTION('',(0.,0.,-1.));
#1949=DIRECTION('center_axis',(-0.707106781186548,-0.707106781186548,0.));
#1950=DIRECTION('ref_axis',(-0.707106781186548,0.707106781186548,0.));
#1951=DIRECTION('',(-0.707106781186547,0.707106781186547,0.));
#1952=DIRECTION('',(0.,0.,1.));
#1953=DIRECTION('',(-0.707106781186547,0.707106781186547,0.));
#1954=DIRECTION('',(0.,0.,-1.));
#1955=DIRECTION('center_axis',(1.,0.,0.));
#1956=DIRECTION('ref_axis',(0.,-1.,0.));
#1957=DIRECTION('',(0.,-1.,0.));
#1958=DIRECTION('',(0.,-1.,0.));
#1959=DIRECTION('center_axis',(0.,0.,-1.));
#1960=DIRECTION('ref_axis',(-1.,0.,0.));
#1961=DIRECTION('',(0.,-1.,0.));
#1962=DIRECTION('center_axis',(0.,0.,1.));
#1963=DIRECTION('ref_axis',(1.,0.,0.));
#1964=DIRECTION('center_axis',(0.,0.,1.));
#1965=DIRECTION('ref_axis',(1.,0.,0.));
#1966=DIRECTION('center_axis',(0.,0.,-1.));
#1967=DIRECTION('ref_axis',(1.,0.,0.));
#1968=DIRECTION('center_axis',(0.,0.,1.));
#1969=DIRECTION('ref_axis',(1.,0.,0.));
#1970=DIRECTION('center_axis',(0.,0.,1.));
#1971=DIRECTION('ref_axis',(1.,0.,0.));
#1972=DIRECTION('center_axis',(0.,0.,-1.));
#1973=DIRECTION('ref_axis',(1.,0.,0.));
#1974=DIRECTION('center_axis',(0.,0.,1.));
#1975=DIRECTION('ref_axis',(1.,0.,0.));
#1976=DIRECTION('center_axis',(0.,0.,1.));
#1977=DIRECTION('ref_axis',(1.,0.,0.));
#1978=DIRECTION('center_axis',(0.,0.,-1.));
#1979=DIRECTION('ref_axis',(1.,0.,0.));
#1980=DIRECTION('center_axis',(0.,0.,1.));
#1981=DIRECTION('ref_axis',(1.,0.,0.));
#1982=DIRECTION('center_axis',(0.,0.,1.));
#1983=DIRECTION('ref_axis',(1.,0.,0.));
#1984=DIRECTION('center_axis',(0.,0.,-1.));
#1985=DIRECTION('ref_axis',(1.,0.,0.));
#1986=DIRECTION('center_axis',(0.,0.,1.));
#1987=DIRECTION('ref_axis',(-1.,0.,0.));
#1988=DIRECTION('center_axis',(0.,0.,1.));
#1989=DIRECTION('ref_axis',(-1.,0.,0.));
#1990=DIRECTION('',(0.,0.,1.));
#1991=DIRECTION('center_axis',(0.,0.,1.));
#1992=DIRECTION('ref_axis',(-1.,0.,0.));
#1993=DIRECTION('center_axis',(0.,0.,-1.));
#1994=DIRECTION('ref_axis',(-1.,0.,0.));
#1995=DIRECTION('center_axis',(0.,0.,1.));
#1996=DIRECTION('ref_axis',(-1.,0.,0.));
#1997=DIRECTION('center_axis',(0.,0.,1.));
#1998=DIRECTION('ref_axis',(-1.,0.,0.));
#1999=DIRECTION('',(0.,0.,1.));
#2000=DIRECTION('center_axis',(0.,0.,1.));
#2001=DIRECTION('ref_axis',(-1.,0.,0.));
#2002=DIRECTION('center_axis',(0.,0.,-1.));
#2003=DIRECTION('ref_axis',(-1.,0.,0.));
#2004=DIRECTION('center_axis',(0.,0.,1.));
#2005=DIRECTION('ref_axis',(-1.,0.,0.));
#2006=DIRECTION('center_axis',(0.,0.,1.));
#2007=DIRECTION('ref_axis',(-1.,0.,0.));
#2008=DIRECTION('',(0.,0.,1.));
#2009=DIRECTION('center_axis',(0.,0.,1.));
#2010=DIRECTION('ref_axis',(-1.,0.,0.));
#2011=DIRECTION('center_axis',(0.,0.,-1.));
#2012=DIRECTION('ref_axis',(-1.,0.,0.));
#2013=DIRECTION('center_axis',(0.,0.,1.));
#2014=DIRECTION('ref_axis',(-1.,0.,0.));
#2015=DIRECTION('center_axis',(0.,0.,1.));
#2016=DIRECTION('ref_axis',(-1.,0.,0.));
#2017=DIRECTION('',(0.,0.,1.));
#2018=DIRECTION('center_axis',(0.,0.,1.));
#2019=DIRECTION('ref_axis',(-1.,0.,0.));
#2020=DIRECTION('center_axis',(0.,0.,-1.));
#2021=DIRECTION('ref_axis',(-1.,0.,0.));
#2022=DIRECTION('center_axis',(0.,0.,1.));
#2023=DIRECTION('ref_axis',(1.,0.,0.));
#2024=DIRECTION('',(-1.,1.61575117282177E-16,0.));
#2025=DIRECTION('center_axis',(0.,0.,1.));
#2026=DIRECTION('ref_axis',(1.,0.,0.));
#2027=DIRECTION('',(0.,1.,0.));
#2028=DIRECTION('',(1.,0.,0.));
#2029=DIRECTION('',(0.,1.,0.));
#2030=DIRECTION('center_axis',(0.,0.,1.));
#2031=DIRECTION('ref_axis',(-1.,0.,0.));
#2032=DIRECTION('center_axis',(0.,0.,1.));
#2033=DIRECTION('ref_axis',(-1.,0.,0.));
#2034=DIRECTION('center_axis',(0.,0.,1.));
#2035=DIRECTION('ref_axis',(-1.,0.,0.));
#2036=DIRECTION('center_axis',(0.,0.,-1.));
#2037=DIRECTION('ref_axis',(-1.,0.,0.));
#2038=DIRECTION('center_axis',(0.,0.,1.));
#2039=DIRECTION('ref_axis',(-1.,0.,0.));
#2040=DIRECTION('center_axis',(0.,0.,-1.));
#2041=DIRECTION('ref_axis',(-1.,0.,0.));
#2042=DIRECTION('',(-1.,0.,0.));
#2043=DIRECTION('',(0.,1.,0.));
#2044=DIRECTION('center_axis',(0.,0.,1.));
#2045=DIRECTION('ref_axis',(-1.77635683940025E-15,-1.,0.));
#2046=DIRECTION('',(1.,1.61575117282177E-16,0.));
#2047=DIRECTION('center_axis',(0.,0.,1.));
#2048=DIRECTION('ref_axis',(-1.,0.,0.));
#2049=DIRECTION('',(0.,-1.,0.));
#2050=DIRECTION('center_axis',(0.,0.,1.));
#2051=DIRECTION('ref_axis',(1.77635683940025E-15,1.,0.));
#2052=DIRECTION('center_axis',(0.,0.,-1.));
#2053=DIRECTION('ref_axis',(1.,0.,0.));
#2054=DIRECTION('center_axis',(0.,0.,-1.));
#2055=DIRECTION('ref_axis',(1.,0.,0.));
#2056=DIRECTION('center_axis',(0.,0.,-1.));
#2057=DIRECTION('ref_axis',(1.,0.,0.));
#2058=DIRECTION('center_axis',(0.,0.,-1.));
#2059=DIRECTION('ref_axis',(1.,0.,0.));
#2060=DIRECTION('center_axis',(0.,-1.,0.));
#2061=DIRECTION('ref_axis',(0.,0.,1.));
#2062=DIRECTION('',(0.,0.,-1.));
#2063=DIRECTION('',(-1.,0.,0.));
#2064=DIRECTION('',(0.,0.,1.));
#2065=DIRECTION('center_axis',(0.,1.,8.5401771125012E-17));
#2066=DIRECTION('ref_axis',(0.,8.5401771125012E-17,-1.));
#2067=DIRECTION('',(0.,8.5401771125012E-17,-1.));
#2068=DIRECTION('',(-1.,0.,0.));
#2069=DIRECTION('',(0.,-8.5401771125012E-17,1.));
#2070=DIRECTION('',(0.,-8.5401771125012E-17,1.));
#2071=DIRECTION('center_axis',(0.,0.,-1.));
#2072=DIRECTION('ref_axis',(1.,0.,0.));
#2073=DIRECTION('',(0.,0.,-1.));
#2074=DIRECTION('center_axis',(0.,0.,1.));
#2075=DIRECTION('ref_axis',(1.,0.,0.));
#2076=DIRECTION('',(0.,0.,-1.));
#2077=DIRECTION('',(0.,0.,-1.));
#2078=DIRECTION('',(0.,0.,1.));
#2079=DIRECTION('center_axis',(0.,0.,1.));
#2080=DIRECTION('ref_axis',(0.708640532100326,-0.70556969624876,0.));
#2081=DIRECTION('center_axis',(0.,0.,1.));
#2082=DIRECTION('ref_axis',(-1.,0.,0.));
#2083=DIRECTION('',(0.,0.,-1.));
#2084=DIRECTION('',(0.,0.,1.));
#2085=DIRECTION('center_axis',(1.,0.,0.));
#2086=DIRECTION('ref_axis',(0.,-1.,0.));
#2087=DIRECTION('',(0.,0.,-1.));
#2088=DIRECTION('',(0.,0.,1.));
#2089=DIRECTION('',(0.,0.,1.));
#2090=DIRECTION('center_axis',(0.,0.,1.));
#2091=DIRECTION('ref_axis',(-1.,0.,0.));
#2092=DIRECTION('',(0.,0.,1.));
#2093=DIRECTION('',(0.,0.,1.));
#2094=DIRECTION('',(0.,0.,-1.));
#2095=DIRECTION('',(0.,0.,1.));
#2096=DIRECTION('center_axis',(0.,0.,1.));
#2097=DIRECTION('ref_axis',(-1.,0.,0.));
#2098=DIRECTION('',(0.,0.,1.));
#2099=DIRECTION('center_axis',(0.,0.,1.));
#2100=DIRECTION('ref_axis',(-1.,0.,0.));
#2101=DIRECTION('center_axis',(0.,4.84621161542727E-17,1.));
#2102=DIRECTION('ref_axis',(0.,1.,-4.84621161542727E-17));
#2103=DIRECTION('',(0.,1.,-4.84621161542727E-17));
#2104=DIRECTION('',(0.,-1.,4.84621161542727E-17));
#2105=DIRECTION('center_axis',(1.,0.,0.));
#2106=DIRECTION('ref_axis',(0.,-1.,0.));
#2107=DIRECTION('',(0.,0.,1.));
#2108=DIRECTION('',(0.,1.,0.));
#2109=DIRECTION('',(0.,0.,-1.));
#2110=DIRECTION('center_axis',(0.,0.,1.));
#2111=DIRECTION('ref_axis',(1.,0.,0.));
#2112=DIRECTION('',(0.,0.,1.));
#2113=DIRECTION('center_axis',(0.,0.,1.));
#2114=DIRECTION('ref_axis',(1.,0.,0.));
#2115=DIRECTION('',(0.,0.,1.));
#2116=DIRECTION('center_axis',(0.,0.,1.));
#2117=DIRECTION('ref_axis',(1.,0.,0.));
#2118=DIRECTION('',(0.,0.,1.));
#2119=DIRECTION('center_axis',(0.,0.,1.));
#2120=DIRECTION('ref_axis',(1.,0.,0.));
#2121=DIRECTION('',(0.,0.,1.));
#2122=DIRECTION('center_axis',(0.,0.,1.));
#2123=DIRECTION('ref_axis',(1.,0.,0.));
#2124=DIRECTION('',(0.,0.,1.));
#2125=DIRECTION('center_axis',(0.,0.,1.));
#2126=DIRECTION('ref_axis',(1.,0.,0.));
#2127=DIRECTION('',(0.,0.,1.));
#2128=DIRECTION('center_axis',(0.,0.,-1.));
#2129=DIRECTION('ref_axis',(1.,0.,0.));
#2130=DIRECTION('center_axis',(0.,0.,1.));
#2131=DIRECTION('ref_axis',(1.,0.,0.));
#2132=DIRECTION('',(0.,0.,1.));
#2133=DIRECTION('center_axis',(0.,0.,1.));
#2134=DIRECTION('ref_axis',(1.,0.,0.));
#2135=DIRECTION('',(0.,0.,1.));
#2136=DIRECTION('center_axis',(0.,0.,1.));
#2137=DIRECTION('ref_axis',(0.708640532100326,0.705569696248759,0.));
#2138=DIRECTION('center_axis',(0.,0.,1.));
#2139=DIRECTION('ref_axis',(-1.,0.,0.));
#2140=DIRECTION('center_axis',(0.,0.,1.));
#2141=DIRECTION('ref_axis',(-1.,0.,0.));
#2142=DIRECTION('center_axis',(0.,1.,0.));
#2143=DIRECTION('ref_axis',(1.,0.,0.));
#2144=DIRECTION('',(1.,0.,0.));
#2145=DIRECTION('',(-1.332271373834E-14,3.552723663557E-13,1.));
#2146=DIRECTION('',(1.,0.,0.));
#2147=DIRECTION('',(0.,2.842178921316E-13,1.));
#2148=DIRECTION('center_axis',(0.,0.,-1.));
#2149=DIRECTION('ref_axis',(1.,0.,0.));
#2150=DIRECTION('center_axis',(0.,0.,-1.));
#2151=DIRECTION('ref_axis',(1.,0.,0.));
#2152=DIRECTION('center_axis',(0.,0.,-1.));
#2153=DIRECTION('ref_axis',(1.,0.,0.));
#2154=DIRECTION('',(-7.460719693466E-13,0.,1.));
#2155=DIRECTION('center_axis',(0.,0.,-1.));
#2156=DIRECTION('ref_axis',(-0.707106779854442,0.707106782518653,0.));
#2157=DIRECTION('center_axis',(0.,0.,-1.));
#2158=DIRECTION('ref_axis',(1.,0.,0.));
#2159=DIRECTION('',(5.529099655703E-13,7.105447303285E-14,1.));
#2160=DIRECTION('center_axis',(0.,0.,-1.));
#2161=DIRECTION('ref_axis',(1.,0.,0.));
#2162=DIRECTION('center_axis',(1.,0.,0.));
#2163=DIRECTION('ref_axis',(0.,1.,0.));
#2164=DIRECTION('',(0.,-1.,0.));
#2165=DIRECTION('',(0.,-1.,0.));
#2166=DIRECTION('',(7.105447303285E-14,0.,1.));
#2167=DIRECTION('center_axis',(-1.,0.,0.));
#2168=DIRECTION('ref_axis',(0.,0.,1.));
#2169=DIRECTION('',(0.,1.,0.));
#2170=DIRECTION('',(1.169206908807E-14,0.,1.));
#2171=DIRECTION('',(0.,1.,0.));
#2172=DIRECTION('center_axis',(0.,0.,-1.));
#2173=DIRECTION('ref_axis',(1.,0.,0.));
#2174=DIRECTION('center_axis',(0.,0.,-1.));
#2175=DIRECTION('ref_axis',(1.,0.,0.));
#2176=DIRECTION('center_axis',(0.,0.,-1.));
#2177=DIRECTION('ref_axis',(1.,0.,0.));
#2178=DIRECTION('',(3.552723663557E-14,5.772308589105E-14,1.));
#2179=DIRECTION('center_axis',(0.,0.,-1.));
#2180=DIRECTION('ref_axis',(-0.707106782518195,-0.7071067798549,0.));
#2181=DIRECTION('center_axis',(0.,0.,-1.));
#2182=DIRECTION('ref_axis',(1.,0.,0.));
#2183=DIRECTION('',(3.108633195188E-14,1.608960540478E-14,1.));
#2184=DIRECTION('center_axis',(0.,0.,-1.));
#2185=DIRECTION('ref_axis',(1.,0.,0.));
#2186=DIRECTION('center_axis',(0.,-1.,0.));
#2187=DIRECTION('ref_axis',(0.,0.,-1.));
#2188=DIRECTION('',(-1.,0.,0.));
#2189=DIRECTION('',(-1.,0.,0.));
#2190=DIRECTION('center_axis',(0.,0.,1.));
#2191=DIRECTION('ref_axis',(1.,0.,0.));
#2192=DIRECTION('',(0.,-1.,0.));
#2193=DIRECTION('center_axis',(0.,0.,1.));
#2194=DIRECTION('ref_axis',(0.,-1.,0.));
#2195=DIRECTION('',(1.,0.,0.));
#2196=DIRECTION('center_axis',(0.,0.,1.));
#2197=DIRECTION('ref_axis',(0.,-1.,0.));
#2198=DIRECTION('',(0.,1.,0.));
#2199=DIRECTION('center_axis',(0.,0.,1.));
#2200=DIRECTION('ref_axis',(0.,-1.,0.));
#2201=DIRECTION('',(-1.,0.,0.));
#2202=DIRECTION('center_axis',(0.,0.,1.));
#2203=DIRECTION('ref_axis',(0.,-1.,0.));
#2204=DIRECTION('',(1.,1.61575117282177E-16,0.));
#2205=DIRECTION('',(0.,-1.,0.));
#2206=DIRECTION('',(-1.,1.61575117282177E-16,0.));
#2207=DIRECTION('center_axis',(0.,0.,1.));
#2208=DIRECTION('ref_axis',(0.,-1.,0.));
#2209=DIRECTION('',(-2.96675206740388E-8,-0.707107601565871,0.707105960806271));
#2210=DIRECTION('',(-0.70710760156587,-7.62012090074766E-8,0.70710596080627));
#2211=DIRECTION('center_axis',(-0.707106781186548,0.,-0.707106781186548));
#2212=DIRECTION('ref_axis',(-0.707106781186548,0.,0.707106781186548));
#2213=DIRECTION('',(-0.707107601565621,2.96674620572509E-8,0.707105960806521));
#2214=DIRECTION('center_axis',(0.,0.,1.));
#2215=DIRECTION('ref_axis',(-0.707106778925428,0.707106783447667,0.));
#2216=DIRECTION('',(-7.6201200633662E-8,0.70710760156602,0.70710596080612));
#2217=DIRECTION('center_axis',(0.,0.707106781186498,-0.707106781186597));
#2218=DIRECTION('ref_axis',(-1.,0.,0.));
#2219=DIRECTION('',(2.96675290478609E-8,0.707107601566021,0.707105960806121));
#2220=DIRECTION('center_axis',(0.,0.,1.));
#2221=DIRECTION('ref_axis',(0.707106783448062,0.707106778925033,0.));
#2222=DIRECTION('',(0.70710760156552,7.62011503906921E-8,0.70710596080662));
#2223=DIRECTION('center_axis',(0.707106781186498,0.,-0.707106781186597));
#2224=DIRECTION('ref_axis',(0.,-1.,0.));
#2225=DIRECTION('',(0.707107601565772,-2.96675374216888E-8,0.707105960806371));
#2226=DIRECTION('center_axis',(0.,0.,1.));
#2227=DIRECTION('ref_axis',(0.,-1.,0.));
#2228=DIRECTION('',(7.62012843719119E-8,-0.70710760156592,0.707105960806219));
#2229=DIRECTION('center_axis',(0.,-0.707106781186548,-0.707106781186548));
#2230=DIRECTION('ref_axis',(0.,-0.707106781186548,0.707106781186548));
#2231=DIRECTION('center_axis',(-1.,0.,0.));
#2232=DIRECTION('ref_axis',(0.,1.,0.));
#2233=DIRECTION('',(0.,0.,1.));
#2234=DIRECTION('',(0.,0.,1.));
#2235=DIRECTION('center_axis',(1.61575117282177E-16,-1.,0.));
#2236=DIRECTION('ref_axis',(-1.,-1.61575117282177E-16,0.));
#2237=DIRECTION('center_axis',(1.61575117282177E-16,1.,0.));
#2238=DIRECTION('ref_axis',(1.,-1.61575117282177E-16,0.));
#2239=DIRECTION('center_axis',(1.61575117282177E-16,1.,0.));
#2240=DIRECTION('ref_axis',(1.,-1.61575117282177E-16,0.));
#2241=DIRECTION('',(0.,0.,-1.));
#2242=DIRECTION('',(1.,-1.61575117282177E-16,0.));
#2243=DIRECTION('center_axis',(0.,0.,-1.));
#2244=DIRECTION('ref_axis',(1.77635683940025E-15,1.,0.));
#2245=DIRECTION('',(0.,0.,-1.));
#2246=DIRECTION('center_axis',(0.,0.,1.));
#2247=DIRECTION('ref_axis',(1.77635683940025E-15,1.,0.));
#2248=DIRECTION('center_axis',(-1.,0.,0.));
#2249=DIRECTION('ref_axis',(0.,1.,0.));
#2250=DIRECTION('',(0.,0.,-1.));
#2251=DIRECTION('',(0.,1.,0.));
#2252=DIRECTION('center_axis',(0.,0.,-1.));
#2253=DIRECTION('ref_axis',(-1.,0.,0.));
#2254=DIRECTION('',(0.,0.,-1.));
#2255=DIRECTION('center_axis',(0.,0.,1.));
#2256=DIRECTION('ref_axis',(-1.,0.,0.));
#2257=DIRECTION('center_axis',(1.61575117282177E-16,-1.,0.));
#2258=DIRECTION('ref_axis',(-1.,-1.61575117282177E-16,0.));
#2259=DIRECTION('',(0.,0.,-1.));
#2260=DIRECTION('',(-1.,-1.61575117282177E-16,0.));
#2261=DIRECTION('center_axis',(0.,0.,-1.));
#2262=DIRECTION('ref_axis',(-1.77635683940025E-15,-1.,0.));
#2263=DIRECTION('',(0.,0.,-1.));
#2264=DIRECTION('center_axis',(0.,0.,1.));
#2265=DIRECTION('ref_axis',(-1.77635683940025E-15,-1.,0.));
#2266=DIRECTION('center_axis',(1.,0.,0.));
#2267=DIRECTION('ref_axis',(0.,-1.,0.));
#2268=DIRECTION('',(0.,-1.,0.));
#2269=DIRECTION('',(0.,-1.,0.));
#2270=DIRECTION('',(0.,-1.,0.));
#2271=DIRECTION('center_axis',(0.,0.,1.));
#2272=DIRECTION('ref_axis',(-1.,0.,0.));
#2273=CARTESIAN_POINT('',(0.,0.,0.));
#2274=CARTESIAN_POINT('Origin',(-56.9700023063363,-88.5950037565044,5.02));
#2275=CARTESIAN_POINT('',(-56.9700023063363,-93.5950037565044,0.02));
#2276=CARTESIAN_POINT('',(-61.9700023063363,-88.5950037565044,0.02));
#2277=CARTESIAN_POINT('Origin',(-56.9700023063363,-88.5950037565044,0.02));
#2278=CARTESIAN_POINT('',(-56.9700023063363,-93.5950037565044,-4.44));
#2279=CARTESIAN_POINT('',(-56.9700023063363,-93.5950037565044,5.02));
#2280=CARTESIAN_POINT('',(-61.9700023063363,-88.5950037565044,-4.44));
#2281=CARTESIAN_POINT('Origin',(-56.9700023063363,-88.5950037565044,-4.44));
#2282=CARTESIAN_POINT('',(-61.9700023063363,-88.5950037565044,5.02));
#2283=CARTESIAN_POINT('Origin',(-35.355,-67.065,-4.44));
#2284=CARTESIAN_POINT('',(-47.354088749821,-93.5950037565044,-4.44));
#2285=CARTESIAN_POINT('',(9.80749884683186,-93.5950037565044,-4.44));
#2286=CARTESIAN_POINT('',(-33.2142576977105,-70.4439380573174,-4.44));
#2287=CARTESIAN_POINT('Ctrl Pts',(-33.2142576977105,-70.4439380573174,-4.44));
#2288=CARTESIAN_POINT('Ctrl Pts',(-33.2723841339738,-70.495727987407,-4.44));
#2289=CARTESIAN_POINT('Ctrl Pts',(-33.3418716091883,-70.5570033212485,-4.44));
#2290=CARTESIAN_POINT('Ctrl Pts',(-33.422731040498,-70.6277852048266,-4.44));
#2291=CARTESIAN_POINT('Ctrl Pts',(-33.4872224506629,-70.6842390211861,-4.44));
#2292=CARTESIAN_POINT('Ctrl Pts',(-33.5589502354547,-70.7467410106228,-4.44));
#2293=CARTESIAN_POINT('Ctrl Pts',(-33.6379004829679,-70.8153209444359,-4.44));
#2294=CARTESIAN_POINT('Ctrl Pts',(-33.7143835352464,-70.8817577553174,-4.44));
#2295=CARTESIAN_POINT('Ctrl Pts',(-33.797646347858,-70.9538987009814,-4.44));
#2296=CARTESIAN_POINT('Ctrl Pts',(-33.8876292455517,-71.0317856240438,-4.44));
#2297=CARTESIAN_POINT('Ctrl Pts',(-33.9667677542947,-71.1002859179854,-4.44));
#2298=CARTESIAN_POINT('Ctrl Pts',(-34.0511042749835,-71.1732309176426,-4.44));
#2299=CARTESIAN_POINT('Ctrl Pts',(-34.1405519952756,-71.2506578661434,-4.44));
#2300=CARTESIAN_POINT('Ctrl Pts',(-34.2244483279917,-71.3232794713827,-4.44));
#2301=CARTESIAN_POINT('Ctrl Pts',(-34.3128414235848,-71.3998440526301,-4.44));
#2302=CARTESIAN_POINT('Ctrl Pts',(-34.4056133535992,-71.4803885417492,-4.44));
#2303=CARTESIAN_POINT('Ctrl Pts',(-34.4935407756769,-71.5567270343266,-4.44));
#2304=CARTESIAN_POINT('Ctrl Pts',(-34.5854019222236,-71.6366406842405,-4.44));
#2305=CARTESIAN_POINT('Ctrl Pts',(-34.6810490675154,-71.7201657253302,-4.44));
#2306=CARTESIAN_POINT('Ctrl Pts',(-34.7729818828164,-71.8004471822632,-4.44));
#2307=CARTESIAN_POINT('Ctrl Pts',(-34.8684125948697,-71.8840650247021,-4.44));
#2308=CARTESIAN_POINT('Ctrl Pts',(-34.9671613984807,-71.9710553564466,-4.44));
#2309=CARTESIAN_POINT('Ctrl Pts',(-35.0673380352537,-72.0593035027256,-4.44));
#2310=CARTESIAN_POINT('Ctrl Pts',(-35.1709293559374,-72.1510224773397,-4.44));
#2311=CARTESIAN_POINT('Ctrl Pts',(-35.2776931506043,-72.246253298551,-4.44));
#2312=CARTESIAN_POINT('Ctrl Pts',(-35.3881833065984,-72.3448079473803,-4.44));
#2313=CARTESIAN_POINT('Ctrl Pts',(-35.5020710622131,-72.4471240343254,-4.44));
#2314=CARTESIAN_POINT('Ctrl Pts',(-35.6190325720275,-72.5532483408133,-4.44));
#2315=CARTESIAN_POINT('Ctrl Pts',(-35.7444535870837,-72.6670483273471,-4.44));
#2316=CARTESIAN_POINT('Ctrl Pts',(-35.8734090696473,-72.7852275877644,-4.44));
#2317=CARTESIAN_POINT('Ctrl Pts',(-36.0054381097906,-72.9078419646344,-4.44));
#2318=CARTESIAN_POINT('Ctrl Pts',(-36.1466784726009,-73.0390108276065,-4.44));
#2319=CARTESIAN_POINT('Ctrl Pts',(-36.2914357686604,-73.1752557045632,-4.44));
#2320=CARTESIAN_POINT('Ctrl Pts',(-36.4390809741867,-73.3166372562187,-4.44));
#2321=CARTESIAN_POINT('Ctrl Pts',(-36.5996466688758,-73.4703911622588,-4.44));
#2322=CARTESIAN_POINT('Ctrl Pts',(-36.7636269531107,-73.6302209182796,-4.44));
#2323=CARTESIAN_POINT('Ctrl Pts',(-36.9301490282633,-73.7961854616327,-4.44));
#2324=CARTESIAN_POINT('Ctrl Pts',(-37.1071295390759,-73.9725734248053,-4.44));
#2325=CARTESIAN_POINT('Ctrl Pts',(-37.2869792931085,-74.1558921503806,-4.44));
#2326=CARTESIAN_POINT('Ctrl Pts',(-37.4686038061449,-74.3461758809285,-4.44));
#2327=CARTESIAN_POINT('Ctrl Pts',(-37.6426355977096,-74.5285048957692,-4.44));
#2328=CARTESIAN_POINT('Ctrl Pts',(-37.8182946578251,-74.7172292253396,-4.44));
#2329=CARTESIAN_POINT('Ctrl Pts',(-37.9946078262226,-74.912335106833,-4.44));
#2330=CARTESIAN_POINT('Ctrl Pts',(-38.1564541617032,-75.0914321773321,-4.44));
#2331=CARTESIAN_POINT('Ctrl Pts',(-38.3188504151783,-75.2759064807509,-4.44));
#2332=CARTESIAN_POINT('Ctrl Pts',(-38.4810582884256,-75.4657073402571,-4.44));
#2333=CARTESIAN_POINT('Ctrl Pts',(-38.6322374720526,-75.6426034330139,-4.44));
#2334=CARTESIAN_POINT('Ctrl Pts',(-38.7832523368969,-75.8241263321266,-4.44));
#2335=CARTESIAN_POINT('Ctrl Pts',(-38.9335310760676,-76.0101993544951,-4.44));
#2336=CARTESIAN_POINT('Ctrl Pts',(-39.0752621386861,-76.1856887639116,-4.44));
#2337=CARTESIAN_POINT('Ctrl Pts',(-39.216338004005,-76.3652253694212,-4.44));
#2338=CARTESIAN_POINT('Ctrl Pts',(-39.356310433997,-76.5487126059708,-4.44));
#2339=CARTESIAN_POINT('Ctrl Pts',(-39.4894435050832,-76.7232342550439,-4.44));
#2340=CARTESIAN_POINT('Ctrl Pts',(-39.6215779957206,-76.9013299127702,-4.44));
#2341=CARTESIAN_POINT('Ctrl Pts',(-39.7523630329535,-77.0828864353332,-4.44));
#2342=CARTESIAN_POINT('Ctrl Pts',(-39.8780061700757,-77.2573049433098,-4.44));
#2343=CARTESIAN_POINT('Ctrl Pts',(-40.0024036139064,-77.4349175595899,-4.44));
#2344=CARTESIAN_POINT('Ctrl Pts',(-40.1252815628777,-77.6155951476377,-4.44));
#2345=CARTESIAN_POINT('Ctrl Pts',(-40.2448610585413,-77.7914227476048,-4.44));
#2346=CARTESIAN_POINT('Ctrl Pts',(-40.3630013272956,-77.9701530126561,-4.44));
#2347=CARTESIAN_POINT('Ctrl Pts',(-40.4794897431492,-78.1516384861859,-4.44));
#2348=CARTESIAN_POINT('Ctrl Pts',(-40.5936588287381,-78.3295105124191,-4.44));
#2349=CARTESIAN_POINT('Ctrl Pts',(-40.7062410521542,-78.5100291286004,-4.44));
#2350=CARTESIAN_POINT('Ctrl Pts',(-40.8170772603793,-78.6930276350076,-4.44));
#2351=CARTESIAN_POINT('Ctrl Pts',(-40.9259440972662,-78.8727745684928,-4.44));
#2352=CARTESIAN_POINT('Ctrl Pts',(-41.0331262940756,-79.0549140555203,-4.44));
#2353=CARTESIAN_POINT('Ctrl Pts',(-41.1385148864268,-79.2392608634607,-4.44));
#2354=CARTESIAN_POINT('Ctrl Pts',(-41.2445120015297,-79.4246721056469,-4.44));
#2355=CARTESIAN_POINT('Ctrl Pts',(-41.3486946177119,-79.6123162484399,-4.44));
#2356=CARTESIAN_POINT('Ctrl Pts',(-41.4509972338756,-79.8019763268018,-4.44));
#2357=CARTESIAN_POINT('Ctrl Pts',(-41.5562143918426,-79.9970397100601,-4.44));
#2358=CARTESIAN_POINT('Ctrl Pts',(-41.6594430173731,-80.1942353986072,-4.44));
#2359=CARTESIAN_POINT('Ctrl Pts',(-41.7606592295336,-80.3932984901685,-4.44));
#2360=CARTESIAN_POINT('Ctrl Pts',(-41.8652362857932,-80.5989713925727,-4.44));
#2361=CARTESIAN_POINT('Ctrl Pts',(-41.967665199209,-80.8066376096934,-4.44));
#2362=CARTESIAN_POINT('Ctrl Pts',(-42.0679676552916,-81.0159768169328,-4.44));
#2363=CARTESIAN_POINT('Ctrl Pts',(-42.1717196413545,-81.2325154677316,-4.44));
#2364=CARTESIAN_POINT('Ctrl Pts',(-42.2731965358928,-81.450843970109,-4.44));
#2365=CARTESIAN_POINT('Ctrl Pts',(-42.3724705875274,-81.6705809845576,-4.44));
#2366=CARTESIAN_POINT('Ctrl Pts',(-42.4769780439116,-81.9019018189082,-4.44));
#2367=CARTESIAN_POINT('Ctrl Pts',(-42.5790442547008,-82.1347834479598,-4.44));
#2368=CARTESIAN_POINT('Ctrl Pts',(-42.678805567253,-82.3687540974718,-4.44));
#2369=CARTESIAN_POINT('Ctrl Pts',(-42.7827960791496,-82.6126435069939,-4.44));
#2370=CARTESIAN_POINT('Ctrl Pts',(-42.8842822677211,-82.8577159487148,-4.44));
#2371=CARTESIAN_POINT('Ctrl Pts',(-42.9834727257067,-83.1034118995537,-4.44));
#2372=CARTESIAN_POINT('Ctrl Pts',(-43.0881150098605,-83.3626120890199,-4.44));
#2373=CARTESIAN_POINT('Ctrl Pts',(-43.1902024681929,-83.6225058031524,-4.44));
#2374=CARTESIAN_POINT('Ctrl Pts',(-43.2900366481375,-83.8824139320745,-4.44));
#2375=CARTESIAN_POINT('Ctrl Pts',(-43.397031380154,-84.1609638296984,-4.44));
#2376=CARTESIAN_POINT('Ctrl Pts',(-43.5014383240587,-84.4395296268807,-4.44));
#2377=CARTESIAN_POINT('Ctrl Pts',(-43.6036881831754,-84.7172589607976,-4.44));
#2378=CARTESIAN_POINT('Ctrl Pts',(-43.7151910631375,-85.0201211930705,-4.44));
#2379=CARTESIAN_POINT('Ctrl Pts',(-43.8241293853741,-85.321987497944,-4.44));
#2380=CARTESIAN_POINT('Ctrl Pts',(-43.9311230835978,-85.6217486580718,-4.44));
#2381=CARTESIAN_POINT('Ctrl Pts',(-44.0440250622589,-85.9380628771901,-4.44));
#2382=CARTESIAN_POINT('Ctrl Pts',(-44.154763242755,-86.2520310643726,-4.44));
#2383=CARTESIAN_POINT('Ctrl Pts',(-44.2641142794928,-86.5623714039882,-4.44));
#2384=CARTESIAN_POINT('Ctrl Pts',(-44.3653843859483,-86.8497779084703,-4.44));
#2385=CARTESIAN_POINT('Ctrl Pts',(-44.4654665515833,-87.1340720185633,-4.44));
#2386=CARTESIAN_POINT('Ctrl Pts',(-44.564992508248,-87.414273626019,-4.44));
#2387=CARTESIAN_POINT('Ctrl Pts',(-44.6573325456728,-87.6742442687141,-4.44));
#2388=CARTESIAN_POINT('Ctrl Pts',(-44.7491947372337,-87.9306916845787,-4.44));
#2389=CARTESIAN_POINT('Ctrl Pts',(-44.8410791964357,-88.1828752372317,-4.44));
#2390=CARTESIAN_POINT('Ctrl Pts',(-44.9269851964771,-88.4186504757517,-4.44));
#2391=CARTESIAN_POINT('Ctrl Pts',(-45.0129112306425,-88.6506984664462,-4.44));
#2392=CARTESIAN_POINT('Ctrl Pts',(-45.0992519122588,-88.8784557435367,-4.44));
#2393=CARTESIAN_POINT('Ctrl Pts',(-45.1804138312885,-89.0925520112009,-4.44));
#2394=CARTESIAN_POINT('Ctrl Pts',(-45.2619426023839,-89.3028566141657,-4.44));
#2395=CARTESIAN_POINT('Ctrl Pts',(-45.344145899387,-89.5089429591043,-4.44));
#2396=CARTESIAN_POINT('Ctrl Pts',(-45.421450453456,-89.7027479958365,-4.44));
#2397=CARTESIAN_POINT('Ctrl Pts',(-45.4993517838527,-89.8928224745499,-4.44));
#2398=CARTESIAN_POINT('Ctrl Pts',(-45.578082656953,-90.0788514833375,-4.44));
#2399=CARTESIAN_POINT('Ctrl Pts',(-45.6562576516968,-90.2635670366075,-4.44));
#2400=CARTESIAN_POINT('Ctrl Pts',(-45.7352507032059,-90.44429391637,-4.44));
#2401=CARTESIAN_POINT('Ctrl Pts',(-45.8152621540107,-90.6207670671987,-4.44));
#2402=CARTESIAN_POINT('Ctrl Pts',(-45.895396515626,-90.7975113099497,-4.44));
#2403=CARTESIAN_POINT('Ctrl Pts',(-45.9765524495527,-90.9699887767397,-4.44));
#2404=CARTESIAN_POINT('Ctrl Pts',(-46.0589023200628,-91.1379768260116,-4.44));
#2405=CARTESIAN_POINT('Ctrl Pts',(-46.1355106406156,-91.2942525098464,-4.44));
#2406=CARTESIAN_POINT('Ctrl Pts',(-46.2131519563578,-91.4466434217017,-4.44));
#2407=CARTESIAN_POINT('Ctrl Pts',(-46.2919421676296,-91.5950037565045,-4.44));
#2408=CARTESIAN_POINT('Ctrl Pts',(-46.6459910283601,-92.2616704231712,-4.44));
#2409=CARTESIAN_POINT('Ctrl Pts',(-47.0000398890906,-92.9283370898378,-4.44));
#2410=CARTESIAN_POINT('Ctrl Pts',(-47.3540887498211,-93.5950037565045,-4.44));
#2411=CARTESIAN_POINT('',(-38.724609362157,-64.9096038075417,-4.44));
#2412=CARTESIAN_POINT('Origin',(-35.355,-67.065,-4.44));
#2413=CARTESIAN_POINT('',(-61.9700023063363,-78.9737749755703,-4.44));
#2414=CARTESIAN_POINT('Ctrl Pts',(-61.9700023063363,-78.9737749755703,-4.44));
#2415=CARTESIAN_POINT('Ctrl Pts',(-61.3033356396696,-78.620919998942,-4.44));
#2416=CARTESIAN_POINT('Ctrl Pts',(-60.636668973003,-78.2680650223138,-4.44));
#2417=CARTESIAN_POINT('Ctrl Pts',(-59.9700023063363,-77.9152100456855,-4.44));
#2418=CARTESIAN_POINT('Ctrl Pts',(-59.8107858385641,-77.8309395611636,-4.44));
#2419=CARTESIAN_POINT('Ctrl Pts',(-59.646898625859,-77.7480292095361,-4.44));
#2420=CARTESIAN_POINT('Ctrl Pts',(-59.4785196483243,-77.6663352632446,-4.44));
#2421=CARTESIAN_POINT('Ctrl Pts',(-59.310388802456,-77.5847617052304,-4.44));
#2422=CARTESIAN_POINT('Ctrl Pts',(-59.1377793857924,-77.5044009304097,-4.44));
#2423=CARTESIAN_POINT('Ctrl Pts',(-58.9609123635116,-77.4250802934288,-4.44));
#2424=CARTESIAN_POINT('Ctrl Pts',(-58.7841641726386,-77.3458129494974,-4.44));
#2425=CARTESIAN_POINT('Ctrl Pts',(-58.6031640571833,-77.2675843089221,-4.44));
#2426=CARTESIAN_POINT('Ctrl Pts',(-58.4181758323146,-77.1901931179749,-4.44));
#2427=CARTESIAN_POINT('Ctrl Pts',(-58.2282174585063,-77.1107226284891,-4.44));
#2428=CARTESIAN_POINT('Ctrl Pts',(-58.0340537823466,-77.0321350880807,-4.44));
#2429=CARTESIAN_POINT('Ctrl Pts',(-57.8360176082116,-76.9541822683821,-4.44));
#2430=CARTESIAN_POINT('Ctrl Pts',(-57.627111699673,-76.8719508038863,-4.44));
#2431=CARTESIAN_POINT('Ctrl Pts',(-57.4138966879959,-76.7904253034021,-4.44));
#2432=CARTESIAN_POINT('Ctrl Pts',(-57.196813426584,-76.7092850231121,-4.44));
#2433=CARTESIAN_POINT('Ctrl Pts',(-56.9642759379302,-76.6223683401555,-4.44));
#2434=CARTESIAN_POINT('Ctrl Pts',(-56.7273000654302,-76.5358931414929,-4.44));
#2435=CARTESIAN_POINT('Ctrl Pts',(-56.4864807966094,-76.4494392793826,-4.44));
#2436=CARTESIAN_POINT('Ctrl Pts',(-56.2176640349729,-76.3529343470436,-4.44));
#2437=CARTESIAN_POINT('Ctrl Pts',(-55.9440581422694,-76.256455297621,-4.44));
#2438=CARTESIAN_POINT('Ctrl Pts',(-55.6665538252795,-76.1593967305406,-4.44));
#2439=CARTESIAN_POINT('Ctrl Pts',(-55.3654702849108,-76.05409120839,-4.44));
#2440=CARTESIAN_POINT('Ctrl Pts',(-55.0597982693528,-75.9481019459069,-4.44));
#2441=CARTESIAN_POINT('Ctrl Pts',(-54.7507421729634,-75.8406505550087,-4.44));
#2442=CARTESIAN_POINT('Ctrl Pts',(-54.4408018301368,-75.7328917328362,-4.44));
#2443=CARTESIAN_POINT('Ctrl Pts',(-54.1274598098532,-75.6236603909081,-4.44));
#2444=CARTESIAN_POINT('Ctrl Pts',(-53.8119758503789,-75.5121940132126,-4.44));
#2445=CARTESIAN_POINT('Ctrl Pts',(-53.5256092491191,-75.4110153422317,-4.44));
#2446=CARTESIAN_POINT('Ctrl Pts',(-53.2374793914925,-75.3079943263292,-4.44));
#2447=CARTESIAN_POINT('Ctrl Pts',(-52.9485412738677,-75.2025980096193,-4.44));
#2448=CARTESIAN_POINT('Ctrl Pts',(-52.6833403052301,-75.1058603222832,-4.44));
#2449=CARTESIAN_POINT('Ctrl Pts',(-52.417459203588,-75.0071212219413,-4.44));
#2450=CARTESIAN_POINT('Ctrl Pts',(-52.151632722509,-74.9060091997483,-4.44));
#2451=CARTESIAN_POINT('Ctrl Pts',(-51.9020755838529,-74.8110855230709,-4.44));
#2452=CARTESIAN_POINT('Ctrl Pts',(-51.6525670412286,-74.7140702620131,-4.44));
#2453=CARTESIAN_POINT('Ctrl Pts',(-51.4037033676444,-74.614697504142,-4.44));
#2454=CARTESIAN_POINT('Ctrl Pts',(-51.1662769444103,-74.5198917089512,-4.44));
#2455=CARTESIAN_POINT('Ctrl Pts',(-50.9294377913197,-74.4229399493267,-4.44));
#2456=CARTESIAN_POINT('Ctrl Pts',(-50.6936873496506,-74.323653301836,-4.44));
#2457=CARTESIAN_POINT('Ctrl Pts',(-50.4666262254282,-74.2280261732508,-4.44));
#2458=CARTESIAN_POINT('Ctrl Pts',(-50.2405752620711,-74.1302329743496,-4.44));
#2459=CARTESIAN_POINT('Ctrl Pts',(-50.015963148098,-74.030146987788,-4.44));
#2460=CARTESIAN_POINT('Ctrl Pts',(-49.7987850449644,-73.9333735576858,-4.44));
#2461=CARTESIAN_POINT('Ctrl Pts',(-49.5829522960254,-73.8344565013736,-4.44));
#2462=CARTESIAN_POINT('Ctrl Pts',(-49.3688311529396,-73.7333229961768,-4.44));
#2463=CARTESIAN_POINT('Ctrl Pts',(-49.1621024323522,-73.6356810733075,-4.44));
#2464=CARTESIAN_POINT('Ctrl Pts',(-48.9569693272073,-73.5359729959606,-4.44));
#2465=CARTESIAN_POINT('Ctrl Pts',(-48.7537390677677,-73.4341740484879,-4.44));
#2466=CARTESIAN_POINT('Ctrl Pts',(-48.5567832259156,-73.3355179848957,-4.44));
#2467=CARTESIAN_POINT('Ctrl Pts',(-48.3616146923525,-73.2348980396567,-4.44));
#2468=CARTESIAN_POINT('Ctrl Pts',(-48.1684894712053,-73.1323325826932,-4.44));
#2469=CARTESIAN_POINT('Ctrl Pts',(-47.9792647272552,-73.0318386015511,-4.44));
#2470=CARTESIAN_POINT('Ctrl Pts',(-47.7920017454124,-72.9294767427637,-4.44));
#2471=CARTESIAN_POINT('Ctrl Pts',(-47.6069160653812,-72.8253062888614,-4.44));
#2472=CARTESIAN_POINT('Ctrl Pts',(-47.4201122067455,-72.7201688047433,-4.44));
#2473=CARTESIAN_POINT('Ctrl Pts',(-47.2355263521358,-72.6131889417494,-4.44));
#2474=CARTESIAN_POINT('Ctrl Pts',(-47.0533515778111,-72.5044736089042,-4.44));
#2475=CARTESIAN_POINT('Ctrl Pts',(-46.8677208722866,-72.3936959010015,-4.44));
#2476=CARTESIAN_POINT('Ctrl Pts',(-46.6845935896408,-72.2811163785413,-4.44));
#2477=CARTESIAN_POINT('Ctrl Pts',(-46.5041442241197,-72.166894462576,-4.44));
#2478=CARTESIAN_POINT('Ctrl Pts',(-46.3197798036417,-72.0501943717665,-4.44));
#2479=CARTESIAN_POINT('Ctrl Pts',(-46.1382107644927,-71.9317799825819,-4.44));
#2480=CARTESIAN_POINT('Ctrl Pts',(-45.9595923960755,-71.8118672427364,-4.44));
#2481=CARTESIAN_POINT('Ctrl Pts',(-45.7750939251027,-71.688006984983,-4.44));
#2482=CARTESIAN_POINT('Ctrl Pts',(-45.593743591174,-71.5625482944316,-4.44));
#2483=CARTESIAN_POINT('Ctrl Pts',(-45.4156797624574,-71.4357755014791,-4.44));
#2484=CARTESIAN_POINT('Ctrl Pts',(-45.2299702145018,-71.3035593279757,-4.44));
#2485=CARTESIAN_POINT('Ctrl Pts',(-45.0478354419868,-71.1699140784297,-4.44));
#2486=CARTESIAN_POINT('Ctrl Pts',(-44.8693975598561,-71.0352079899301,-4.44));
#2487=CARTESIAN_POINT('Ctrl Pts',(-44.6815603991058,-70.8934062105243,-4.44));
#2488=CARTESIAN_POINT('Ctrl Pts',(-44.4978198387368,-70.7504293008388,-4.44));
#2489=CARTESIAN_POINT('Ctrl Pts',(-44.3182807174621,-70.6067509056251,-4.44));
#2490=CARTESIAN_POINT('Ctrl Pts',(-44.1184395585152,-70.4468255544745,-4.44));
#2491=CARTESIAN_POINT('Ctrl Pts',(-43.9238041578543,-70.286031387839,-4.44));
#2492=CARTESIAN_POINT('Ctrl Pts',(-43.7344701524367,-70.1250696177109,-4.44));
#2493=CARTESIAN_POINT('Ctrl Pts',(-43.533047759192,-69.9538309388029,-4.44));
#2494=CARTESIAN_POINT('Ctrl Pts',(-43.337625296881,-69.7824037433244,-4.44));
#2495=CARTESIAN_POINT('Ctrl Pts',(-43.1482625873719,-69.6116718568723,-4.44));
#2496=CARTESIAN_POINT('Ctrl Pts',(-42.9461500443755,-69.4294445544069,-4.44));
#2497=CARTESIAN_POINT('Ctrl Pts',(-42.75094055282,-69.2480113334008,-4.44));
#2498=CARTESIAN_POINT('Ctrl Pts',(-42.5626472603531,-69.0684654994275,-4.44));
#2499=CARTESIAN_POINT('Ctrl Pts',(-42.3788284933005,-68.8931863198136,-4.44));
#2500=CARTESIAN_POINT('Ctrl Pts',(-42.2016001221278,-68.7197080633712,-4.44));
#2501=CARTESIAN_POINT('Ctrl Pts',(-42.0309297855099,-68.5490331207491,-4.44));
#2502=CARTESIAN_POINT('Ctrl Pts',(-41.8746885747072,-68.3927876933516,-4.44));
#2503=CARTESIAN_POINT('Ctrl Pts',(-41.7239424575008,-68.2388927176855,-4.44));
#2504=CARTESIAN_POINT('Ctrl Pts',(-41.5786427261229,-68.0880829854862,-4.44));
#2505=CARTESIAN_POINT('Ctrl Pts',(-41.4440957094914,-67.9484337283679,-4.44));
#2506=CARTESIAN_POINT('Ctrl Pts',(-41.3142182809976,-67.8114305538645,-4.44));
#2507=CARTESIAN_POINT('Ctrl Pts',(-41.1889598341069,-67.6776149292954,-4.44));
#2508=CARTESIAN_POINT('Ctrl Pts',(-41.0705274612999,-67.5510917100654,-4.44));
#2509=CARTESIAN_POINT('Ctrl Pts',(-40.9562240417687,-67.4274184762064,-4.44));
#2510=CARTESIAN_POINT('Ctrl Pts',(-40.8460013478563,-67.3070071567066,-4.44));
#2511=CARTESIAN_POINT('Ctrl Pts',(-40.7400272745957,-67.1912371864661,-4.44));
#2512=CARTESIAN_POINT('Ctrl Pts',(-40.6378252028078,-67.0784827455031,-4.44));
#2513=CARTESIAN_POINT('Ctrl Pts',(-40.5393506424377,-66.9690620070574,-4.44));
#2514=CARTESIAN_POINT('Ctrl Pts',(-40.4440627485154,-66.8631821566806,-4.44));
#2515=CARTESIAN_POINT('Ctrl Pts',(-40.3522648719668,-66.7604239296198,-4.44));
#2516=CARTESIAN_POINT('Ctrl Pts',(-40.2639176275274,-66.6610267628175,-4.44));
#2517=CARTESIAN_POINT('Ctrl Pts',(-40.1761362637863,-66.5622662535421,-4.44));
#2518=CARTESIAN_POINT('Ctrl Pts',(-40.0917613602606,-66.4668240246625,-4.44));
#2519=CARTESIAN_POINT('Ctrl Pts',(-40.010757240069,-66.3748823891847,-4.44));
#2520=CARTESIAN_POINT('Ctrl Pts',(-39.9246273970381,-66.2771229343202,-4.44));
#2521=CARTESIAN_POINT('Ctrl Pts',(-39.8423083633885,-66.1833210311087,-4.44));
#2522=CARTESIAN_POINT('Ctrl Pts',(-39.7637618206023,-66.0936359651481,-4.44));
#2523=CARTESIAN_POINT('Ctrl Pts',(-39.6812167382777,-65.999385335007,-4.44));
#2524=CARTESIAN_POINT('Ctrl Pts',(-39.6028379483493,-65.9096809713627,-4.44));
#2525=CARTESIAN_POINT('Ctrl Pts',(-39.528586838378,-65.8246473791024,-4.44));
#2526=CARTESIAN_POINT('Ctrl Pts',(-39.4501194537458,-65.7347852397603,-4.44));
#2527=CARTESIAN_POINT('Ctrl Pts',(-39.3762617318609,-65.6501389157766,-4.44));
#2528=CARTESIAN_POINT('Ctrl Pts',(-39.30697576861,-65.5707966715855,-4.44));
#2529=CARTESIAN_POINT('Ctrl Pts',(-39.2292182149512,-65.4817532561429,-4.44));
#2530=CARTESIAN_POINT('Ctrl Pts',(-39.1572184586226,-65.3993900103778,-4.44));
#2531=CARTESIAN_POINT('Ctrl Pts',(-39.0909355719961,-65.323764458772,-4.44));
#2532=CARTESIAN_POINT('Ctrl Pts',(-39.0156847822679,-65.2379069656602,-4.44));
#2533=CARTESIAN_POINT('Ctrl Pts',(-38.9478019473488,-65.1607322217507,-4.44));
#2534=CARTESIAN_POINT('Ctrl Pts',(-38.8872495273597,-65.0922551929397,-4.44));
#2535=CARTESIAN_POINT('Ctrl Pts',(-38.8253906619852,-65.0223007417844,-4.44));
#2536=CARTESIAN_POINT('Ctrl Pts',(-38.7711818102964,-64.9614195847126,-4.44));
#2537=CARTESIAN_POINT('Ctrl Pts',(-38.724609362157,-64.9096038075417,-4.44));
#2538=CARTESIAN_POINT('',(-61.9700023063363,-76.8300018782523,-4.44));
#2539=CARTESIAN_POINT('',(-36.755,-67.065,-4.44));
#2540=CARTESIAN_POINT('Origin',(-35.355,-67.065,-4.44));
#2541=CARTESIAN_POINT('Origin',(54.9699976936637,-93.5950037565044,5.02));
#2542=CARTESIAN_POINT('',(56.9699976936637,-93.5950037565044,0.02));
#2543=CARTESIAN_POINT('',(27.4849976936637,-93.5950037565044,0.02));
#2544=CARTESIAN_POINT('',(56.9699976936637,-93.5950037565044,-4.44));
#2545=CARTESIAN_POINT('',(56.9699976936637,-93.5950037565044,5.02));
#2546=CARTESIAN_POINT('',(47.648383179254,-93.5950037565044,-4.44));
#2547=CARTESIAN_POINT('',(9.80749884683186,-93.5950037565044,-4.44));
#2548=CARTESIAN_POINT('',(47.648383179254,-93.5950037565044,-49.98));
#2549=CARTESIAN_POINT('Ctrl Pts',(47.648383179254,-93.5950037565044,-49.98));
#2550=CARTESIAN_POINT('Ctrl Pts',(47.648383179254,-93.5950037565044,-40.872));
#2551=CARTESIAN_POINT('Ctrl Pts',(47.648383179254,-93.5950037565044,-31.764));
#2552=CARTESIAN_POINT('Ctrl Pts',(47.648383179254,-93.5950037565044,-16.584));
#2553=CARTESIAN_POINT('Ctrl Pts',(47.648383179254,-93.5950037565044,-10.512));
#2554=CARTESIAN_POINT('Ctrl Pts',(47.648383179254,-93.5950037565044,-4.43999999999999));
#2555=CARTESIAN_POINT('',(-47.354088749821,-93.5950037565044,-49.98));
#2556=CARTESIAN_POINT('',(27.4849976936637,-93.5950037565044,-49.98));
#2557=CARTESIAN_POINT('Ctrl Pts',(-47.3540887498211,-93.5950037565044,-4.44));
#2558=CARTESIAN_POINT('Ctrl Pts',(-47.3540887498211,-93.5950037565044,-10.512));
#2559=CARTESIAN_POINT('Ctrl Pts',(-47.3540887498211,-93.5950037565044,-16.584));
#2560=CARTESIAN_POINT('Ctrl Pts',(-47.3540887498211,-93.5950037565044,-31.764));
#2561=CARTESIAN_POINT('Ctrl Pts',(-47.3540887498211,-93.5950037565044,-40.872));
#2562=CARTESIAN_POINT('Ctrl Pts',(-47.3540887498211,-93.5950037565044,-49.98));
#2563=CARTESIAN_POINT('Origin',(-56.9700023063363,94.4449962434956,5.02));
#2564=CARTESIAN_POINT('',(-56.9700023063363,99.4449962434956,-4.44));
#2565=CARTESIAN_POINT('',(-61.9700023063363,94.4449962434956,-4.44));
#2566=CARTESIAN_POINT('Origin',(-56.9700023063363,94.4449962434956,-4.44));
#2567=CARTESIAN_POINT('',(-56.9700023063363,99.4449962434956,0.02));
#2568=CARTESIAN_POINT('',(-56.9700023063363,99.4449962434956,5.02));
#2569=CARTESIAN_POINT('',(-61.9700023063363,94.4449962434956,0.02));
#2570=CARTESIAN_POINT('Origin',(-56.9700023063363,94.4449962434956,0.02));
#2571=CARTESIAN_POINT('',(-61.9700023063363,94.4449962434956,5.02));
#2572=CARTESIAN_POINT('Origin',(-2.30633632192223E-6,2.92499624349555,0.02));
#2573=CARTESIAN_POINT('',(-61.9700023063363,-41.8350037565045,0.02));
#2574=CARTESIAN_POINT('',(56.9699976936637,99.4449962434956,0.02));
#2575=CARTESIAN_POINT('',(-27.4850023063363,99.4449962434956,0.02));
#2576=CARTESIAN_POINT('',(61.9699976936637,94.4449962434956,0.02));
#2577=CARTESIAN_POINT('Origin',(56.9699976936637,94.4449962434956,0.02));
#2578=CARTESIAN_POINT('',(61.9699976936637,34.5,0.02));
#2579=CARTESIAN_POINT('',(61.9699976936637,47.6849962434956,0.02));
#2580=CARTESIAN_POINT('',(54.9699976936637,34.5,0.0199999999999978));
#2581=CARTESIAN_POINT('',(32.4849976936637,34.5,0.02));
#2582=CARTESIAN_POINT('',(54.9699976936637,92.4449962434956,0.02));
#2583=CARTESIAN_POINT('',(54.9699976936637,47.6849962434955,0.02));
#2584=CARTESIAN_POINT('',(-54.9700023063363,92.4449962434956,0.02));
#2585=CARTESIAN_POINT('',(-27.4850023063363,92.4449962434956,0.02));
#2586=CARTESIAN_POINT('',(-54.9700023063363,-86.5950037565045,0.02));
#2587=CARTESIAN_POINT('',(-54.9700023063363,-41.8350037565045,0.02));
#2588=CARTESIAN_POINT('',(54.9699976936637,-86.5950037565044,0.02));
#2589=CARTESIAN_POINT('',(27.4849976936637,-86.5950037565045,0.02));
#2590=CARTESIAN_POINT('',(54.9699976936637,-28.5,0.02));
#2591=CARTESIAN_POINT('',(54.9699976936637,47.6849962434955,0.02));
#2592=CARTESIAN_POINT('',(61.9699976936637,-28.5,0.0199999999999978));
#2593=CARTESIAN_POINT('',(32.4849976936637,-28.5,0.0199999999999978));
#2594=CARTESIAN_POINT('',(61.9699976936637,-88.5950037565044,0.02));
#2595=CARTESIAN_POINT('',(61.9699976936637,47.6849962434956,0.02));
#2596=CARTESIAN_POINT('Origin',(56.9699976936637,-88.5950037565044,0.02));
#2597=CARTESIAN_POINT('Origin',(-54.9700023063363,99.4449962434956,5.02));
#2598=CARTESIAN_POINT('',(-47.3395196200751,99.4449962434956,-4.44));
#2599=CARTESIAN_POINT('',(-45.1625011531681,99.4449962434956,-4.44));
#2600=CARTESIAN_POINT('',(-47.3395196200751,99.4449962434956,-49.98));
#2601=CARTESIAN_POINT('Ctrl Pts',(-47.3395196200751,99.4449962434956,-49.98));
#2602=CARTESIAN_POINT('Ctrl Pts',(-47.3395196200751,99.4449962434956,-40.872));
#2603=CARTESIAN_POINT('Ctrl Pts',(-47.3395196200751,99.4449962434956,-31.764));
#2604=CARTESIAN_POINT('Ctrl Pts',(-47.3395196200751,99.4449962434956,-16.584));
#2605=CARTESIAN_POINT('Ctrl Pts',(-47.3395196200751,99.4449962434956,-10.512));
#2606=CARTESIAN_POINT('Ctrl Pts',(-47.3395196200751,99.4449962434956,-4.43999999999999));
#2607=CARTESIAN_POINT('',(47.3395196200945,99.4449962434956,-49.98));
#2608=CARTESIAN_POINT('',(-27.4850023063363,99.4449962434956,-49.98));
#2609=CARTESIAN_POINT('',(47.3395196200945,99.4449962434956,-4.44));
#2610=CARTESIAN_POINT('Ctrl Pts',(47.3395196200945,99.4449962434956,-4.44));
#2611=CARTESIAN_POINT('Ctrl Pts',(47.3395196200945,99.4449962434956,-10.512));
#2612=CARTESIAN_POINT('Ctrl Pts',(47.3395196200945,99.4449962434956,-16.584));
#2613=CARTESIAN_POINT('Ctrl Pts',(47.3395196200945,99.4449962434956,-31.764));
#2614=CARTESIAN_POINT('Ctrl Pts',(47.3395196200945,99.4449962434956,-40.872));
#2615=CARTESIAN_POINT('Ctrl Pts',(47.3395196200945,99.4449962434956,-49.98));
#2616=CARTESIAN_POINT('',(56.9699976936637,99.4449962434956,-4.44));
#2617=CARTESIAN_POINT('',(-45.1625011531681,99.4449962434956,-4.44));
#2618=CARTESIAN_POINT('',(56.9699976936637,99.4449962434956,5.02));
#2619=CARTESIAN_POINT('Origin',(56.9699976936637,94.4449962434956,5.02));
#2620=CARTESIAN_POINT('',(61.9699976936637,94.4449962434956,-4.44));
#2621=CARTESIAN_POINT('Origin',(56.9699976936637,94.4449962434956,-4.44));
#2622=CARTESIAN_POINT('',(61.9699976936637,94.4449962434956,5.02));
#2623=CARTESIAN_POINT('Origin',(-35.355,-67.065,-4.44));
#2624=CARTESIAN_POINT('',(33.2142576977105,76.3139380573174,-4.44));
#2625=CARTESIAN_POINT('Ctrl Pts',(33.2142576977105,76.3139380573174,-4.44));
#2626=CARTESIAN_POINT('Ctrl Pts',(33.272397567643,76.3657399566295,-4.44));
#2627=CARTESIAN_POINT('Ctrl Pts',(33.3419037287392,76.4270316429521,-4.44000000000001));
#2628=CARTESIAN_POINT('Ctrl Pts',(33.4227871048748,76.4978342817823,-4.44000000000001));
#2629=CARTESIAN_POINT('Ctrl Pts',(33.4872191928572,76.5542360057514,-4.44000000000001));
#2630=CARTESIAN_POINT('Ctrl Pts',(33.5588734044999,76.6166740052909,-4.44));
#2631=CARTESIAN_POINT('Ctrl Pts',(33.6377358780089,76.6851779604462,-4.44));
#2632=CARTESIAN_POINT('Ctrl Pts',(33.7141338992207,76.7515411670029,-4.44));
#2633=CARTESIAN_POINT('Ctrl Pts',(33.7972983454355,76.8235972566014,-4.44));
#2634=CARTESIAN_POINT('Ctrl Pts',(33.8871697911673,76.9013879313404,-4.44));
#2635=CARTESIAN_POINT('Ctrl Pts',(33.9663011180695,76.9698822040495,-4.44));
#2636=CARTESIAN_POINT('Ctrl Pts',(34.0506322758935,77.042822570066,-4.44));
#2637=CARTESIAN_POINT('Ctrl Pts',(34.140076503851,77.120246276,-4.44));
#2638=CARTESIAN_POINT('Ctrl Pts',(34.2239684080471,77.1928638419296,-4.44));
#2639=CARTESIAN_POINT('Ctrl Pts',(34.3123585970718,77.2694254993276,-4.44));
#2640=CARTESIAN_POINT('Ctrl Pts',(34.4051291818208,77.3499681859741,-4.44));
#2641=CARTESIAN_POINT('Ctrl Pts',(34.4930522080946,77.4263022607602,-4.44));
#2642=CARTESIAN_POINT('Ctrl Pts',(34.5849100821289,77.5062122464106,-4.44));
#2643=CARTESIAN_POINT('Ctrl Pts',(34.6805551184607,77.5897343810086,-4.44));
#2644=CARTESIAN_POINT('Ctrl Pts',(34.7724794164556,77.6700073767062,-4.44));
#2645=CARTESIAN_POINT('Ctrl Pts',(34.8679021918237,77.7536169868493,-4.44));
#2646=CARTESIAN_POINT('Ctrl Pts',(34.9666437072906,77.8405993132695,-4.44));
#2647=CARTESIAN_POINT('Ctrl Pts',(35.0668008582437,77.9288286862575,-4.44));
#2648=CARTESIAN_POINT('Ctrl Pts',(35.1703725366992,78.0205282829797,-4.44));
#2649=CARTESIAN_POINT('Ctrl Pts',(35.2771166813576,78.1157391080679,-4.44));
#2650=CARTESIAN_POINT('Ctrl Pts',(35.387585072159,78.2142717879448,-4.44));
#2651=CARTESIAN_POINT('Ctrl Pts',(35.5014509663927,78.3165651463861,-4.44));
#2652=CARTESIAN_POINT('Ctrl Pts',(35.6183906996898,78.4226659521827,-4.44));
#2653=CARTESIAN_POINT('Ctrl Pts',(35.7437775685762,78.5364309442009,-4.44));
#2654=CARTESIAN_POINT('Ctrl Pts',(35.8726983936125,78.6545735681269,-4.44));
#2655=CARTESIAN_POINT('Ctrl Pts',(36.0046926126178,78.7771496438808,-4.44));
#2656=CARTESIAN_POINT('Ctrl Pts',(36.1458879367818,78.9082703011432,-4.44));
#2657=CARTESIAN_POINT('Ctrl Pts',(36.2905996195388,79.0444645070361,-4.44));
#2658=CARTESIAN_POINT('Ctrl Pts',(36.4381991815496,79.1857929007406,-4.44));
#2659=CARTESIAN_POINT('Ctrl Pts',(36.5987111955706,79.3394851258584,-4.44));
#2660=CARTESIAN_POINT('Ctrl Pts',(36.7626375931006,79.4992499526454,-4.44));
#2661=CARTESIAN_POINT('Ctrl Pts',(36.9291063494571,79.6651463209414,-4.44));
#2662=CARTESIAN_POINT('Ctrl Pts',(37.1060667567791,79.8414982655911,-4.44));
#2663=CARTESIAN_POINT('Ctrl Pts',(37.2858982388895,80.0247801695442,-4.44));
#2664=CARTESIAN_POINT('Ctrl Pts',(37.4675065352698,80.2150263581734,-4.44));
#2665=CARTESIAN_POINT('Ctrl Pts',(37.6415753694379,80.397374482789,-4.44));
#2666=CARTESIAN_POINT('Ctrl Pts',(37.8172743435307,80.5861211283933,-4.44));
#2667=CARTESIAN_POINT('Ctrl Pts',(37.9936295507517,80.7812526178417,-4.44));
#2668=CARTESIAN_POINT('Ctrl Pts',(38.1555125843868,80.9603711024467,-4.44));
#2669=CARTESIAN_POINT('Ctrl Pts',(38.3179473113182,81.1448694683774,-4.44));
#2670=CARTESIAN_POINT('Ctrl Pts',(38.4801948553633,81.3346970820036,-4.44));
#2671=CARTESIAN_POINT('Ctrl Pts',(38.6314030653074,81.5116088116901,-4.44));
#2672=CARTESIAN_POINT('Ctrl Pts',(38.7824480127596,81.6931491990422,-4.44));
#2673=CARTESIAN_POINT('Ctrl Pts',(38.9327575105457,81.879241584754,-4.44));
#2674=CARTESIAN_POINT('Ctrl Pts',(39.0745148326456,82.0547458519511,-4.44));
#2675=CARTESIAN_POINT('Ctrl Pts',(39.2156175837206,82.2342988259305,-4.44));
#2676=CARTESIAN_POINT('Ctrl Pts',(39.35561723677,82.4178039508068,-4.44));
#2677=CARTESIAN_POINT('Ctrl Pts',(39.4887717017183,82.5923367170385,-4.44));
#2678=CARTESIAN_POINT('Ctrl Pts',(39.6209279585864,82.7704446252058,-4.44));
#2679=CARTESIAN_POINT('Ctrl Pts',(39.7517349283088,82.9520145379195,-4.44));
#2680=CARTESIAN_POINT('Ctrl Pts',(39.8773950913812,83.1264402958824,-4.44));
#2681=CARTESIAN_POINT('Ctrl Pts',(40.0018097946974,83.304061008266,-4.44));
#2682=CARTESIAN_POINT('Ctrl Pts',(40.124705087397,83.4847475470086,-4.44));
#2683=CARTESIAN_POINT('Ctrl Pts',(40.2442968695565,83.6605771065122,-4.44));
#2684=CARTESIAN_POINT('Ctrl Pts',(40.3624496149422,83.8393099174896,-4.44));
#2685=CARTESIAN_POINT('Ctrl Pts',(40.4789505907298,84.0207985408197,-4.44));
#2686=CARTESIAN_POINT('Ctrl Pts',(40.593131267501,84.1986725345609,-4.44));
#2687=CARTESIAN_POINT('Ctrl Pts',(40.705725182063,84.3791936649798,-4.44));
#2688=CARTESIAN_POINT('Ctrl Pts',(40.8165730879319,84.5621952471732,-4.44));
#2689=CARTESIAN_POINT('Ctrl Pts',(40.92544906943,84.7419413300678,-4.44));
#2690=CARTESIAN_POINT('Ctrl Pts',(41.0326404897887,84.9240804050972,-4.44));
#2691=CARTESIAN_POINT('Ctrl Pts',(41.1380383066947,85.1084272616674,-4.44));
#2692=CARTESIAN_POINT('Ctrl Pts',(41.2440327181085,85.2938175964177,-4.44));
#2693=CARTESIAN_POINT('Ctrl Pts',(41.3482130417018,85.4814407929249,-4.44));
#2694=CARTESIAN_POINT('Ctrl Pts',(41.4505137219893,85.6710799790494,-4.44));
#2695=CARTESIAN_POINT('Ctrl Pts',(41.555727336088,85.8661189962954,-4.44));
#2696=CARTESIAN_POINT('Ctrl Pts',(41.6589528537592,86.0632903130946,-4.44));
#2697=CARTESIAN_POINT('Ctrl Pts',(41.7601663289052,86.2623291427694,-4.44));
#2698=CARTESIAN_POINT('Ctrl Pts',(41.8647389304828,86.4679737785656,-4.44));
#2699=CARTESIAN_POINT('Ctrl Pts',(41.9671638519015,86.675611784397,-4.44));
#2700=CARTESIAN_POINT('Ctrl Pts',(42.0674626973493,86.8849229810392,-4.44));
#2701=CARTESIAN_POINT('Ctrl Pts',(42.1712124482204,87.1014357874352,-4.44));
#2702=CARTESIAN_POINT('Ctrl Pts',(42.2726874498438,87.3197387119592,-4.44));
#2703=CARTESIAN_POINT('Ctrl Pts',(42.3719598538807,87.5394505623217,-4.44));
#2704=CARTESIAN_POINT('Ctrl Pts',(42.4764582089899,87.7707286016081,-4.44));
#2705=CARTESIAN_POINT('Ctrl Pts',(42.5785159349636,88.0035676739092,-4.44));
#2706=CARTESIAN_POINT('Ctrl Pts',(42.6782692266935,88.2374962779915,-4.44));
#2707=CARTESIAN_POINT('Ctrl Pts',(42.7822469159846,88.4813313965099,-4.44));
#2708=CARTESIAN_POINT('Ctrl Pts',(42.8837210010758,88.7263500014351,-4.44));
#2709=CARTESIAN_POINT('Ctrl Pts',(42.982899852465,88.9719929556563,-4.44));
#2710=CARTESIAN_POINT('Ctrl Pts',(43.0875236903609,89.2311218754081,-4.44));
#2711=CARTESIAN_POINT('Ctrl Pts',(43.1895935581595,89.4909451730737,-4.44));
#2712=CARTESIAN_POINT('Ctrl Pts',(43.289410660596,89.7507843140593,-4.44));
#2713=CARTESIAN_POINT('Ctrl Pts',(43.396378610284,90.029238201033,-4.44));
#2714=CARTESIAN_POINT('Ctrl Pts',(43.5007597710304,90.3077096266807,-4.44));
#2715=CARTESIAN_POINT('Ctrl Pts',(43.6029842874445,90.5853471302449,-4.44));
#2716=CARTESIAN_POINT('Ctrl Pts',(43.7144540909045,90.8880944460654,-4.44));
#2717=CARTESIAN_POINT('Ctrl Pts',(43.823360109212,91.1898489562177,-4.44));
#2718=CARTESIAN_POINT('Ctrl Pts',(43.9303214249402,91.4895027364496,-4.44));
#2719=CARTESIAN_POINT('Ctrl Pts',(44.0432714126002,91.8059338737165,-4.44));
#2720=CARTESIAN_POINT('Ctrl Pts',(44.1540543548099,92.1200204841806,-4.44));
#2721=CARTESIAN_POINT('Ctrl Pts',(44.263447609765,92.4304793862593,-4.44));
#2722=CARTESIAN_POINT('Ctrl Pts',(44.3647764087137,92.7180512999342,-4.44));
#2723=CARTESIAN_POINT('Ctrl Pts',(44.4649146287906,93.0025097303671,-4.44));
#2724=CARTESIAN_POINT('Ctrl Pts',(44.5644949956501,93.2828729268455,-4.44));
#2725=CARTESIAN_POINT('Ctrl Pts',(44.6568777296823,93.54297157309,-4.44));
#2726=CARTESIAN_POINT('Ctrl Pts',(44.748781285909,93.7995452346245,-4.44));
#2727=CARTESIAN_POINT('Ctrl Pts',(44.8407064613431,94.05185221505,-4.44));
#2728=CARTESIAN_POINT('Ctrl Pts',(44.9266514262194,94.2877453147184,-4.44));
#2729=CARTESIAN_POINT('Ctrl Pts',(45.0126158601984,94.5199086248651,-4.44));
#2730=CARTESIAN_POINT('Ctrl Pts',(45.0989949375073,94.7477778563325,-4.44));
#2731=CARTESIAN_POINT('Ctrl Pts',(45.1801843860205,94.9619567734077,-4.44));
#2732=CARTESIAN_POINT('Ctrl Pts',(45.2617406063429,95.1723418526289,-4.44));
#2733=CARTESIAN_POINT('Ctrl Pts',(45.343971615477,95.3785060147964,-4.44));
#2734=CARTESIAN_POINT('Ctrl Pts',(45.4212866208833,95.5723450966757,-4.44));
#2735=CARTESIAN_POINT('Ctrl Pts',(45.4991983938105,95.7624527769287,-4.44));
#2736=CARTESIAN_POINT('Ctrl Pts',(45.5779398206521,95.9485139764171,-4.44));
#2737=CARTESIAN_POINT('Ctrl Pts',(45.656112777335,96.133231915517,-4.44));
#2738=CARTESIAN_POINT('Ctrl Pts',(45.7351036381667,96.3139614625556,-4.44));
#2739=CARTESIAN_POINT('Ctrl Pts',(45.8151127551898,96.4904375458102,-4.44));
#2740=CARTESIAN_POINT('Ctrl Pts',(45.8952413905074,96.667177250528,-4.44));
#2741=CARTESIAN_POINT('Ctrl Pts',(45.9763913679887,96.839650806422,-4.44));
#2742=CARTESIAN_POINT('Ctrl Pts',(46.0587350420758,97.0076355809665,-4.44));
#2743=CARTESIAN_POINT('Ctrl Pts',(46.1319581413346,97.1570139753219,-4.44));
#2744=CARTESIAN_POINT('Ctrl Pts',(46.2061247657882,97.3028435165418,-4.44));
#2745=CARTESIAN_POINT('Ctrl Pts',(46.281336568956,97.4449962434955,-4.44));
#2746=CARTESIAN_POINT('Ctrl Pts',(46.6340642526688,98.1116629101622,-4.44));
#2747=CARTESIAN_POINT('Ctrl Pts',(46.9867919363817,98.7783295768289,-4.44));
#2748=CARTESIAN_POINT('Ctrl Pts',(47.3395196200945,99.4449962434956,-4.44));
#2749=CARTESIAN_POINT('',(38.724609362157,70.7796038075417,-4.44));
#2750=CARTESIAN_POINT('Origin',(35.355,72.935,-4.44));
#2751=CARTESIAN_POINT('',(61.9699976936637,84.8437716055277,-4.44));
#2752=CARTESIAN_POINT('Ctrl Pts',(61.9699976936637,84.8437716055277,-4.44));
#2753=CARTESIAN_POINT('Ctrl Pts',(61.303331026997,84.4909169384521,-4.44));
#2754=CARTESIAN_POINT('Ctrl Pts',(60.6366643603304,84.1380622713764,-4.44));
#2755=CARTESIAN_POINT('Ctrl Pts',(59.9699976936637,83.7852076043008,-4.44));
#2756=CARTESIAN_POINT('Ctrl Pts',(59.8107811450879,83.7009371509399,-4.44));
#2757=CARTESIAN_POINT('Ctrl Pts',(59.6468938536508,83.6180268290695,-4.44));
#2758=CARTESIAN_POINT('Ctrl Pts',(59.4785147998338,83.5363329108693,-4.44));
#2759=CARTESIAN_POINT('Ctrl Pts',(59.3103838698515,83.4547593770507,-4.44));
#2760=CARTESIAN_POINT('Ctrl Pts',(59.1377743710933,83.3743986248791,-4.44));
#2761=CARTESIAN_POINT('Ctrl Pts',(58.9609072691435,83.2950780087256,-4.44));
#2762=CARTESIAN_POINT('Ctrl Pts',(58.7841589899456,83.2158106817015,-4.44));
#2763=CARTESIAN_POINT('Ctrl Pts',(58.6031587881683,83.137582056317,-4.44));
#2764=CARTESIAN_POINT('Ctrl Pts',(58.4181704794304,83.0601908785448,-4.44));
#2765=CARTESIAN_POINT('Ctrl Pts',(58.228211940525,82.9807203695484,-4.44));
#2766=CARTESIAN_POINT('Ctrl Pts',(58.034048098361,82.9021328082348,-4.44));
#2767=CARTESIAN_POINT('Ctrl Pts',(57.8360117582046,82.8241799656273,-4.44));
#2768=CARTESIAN_POINT('Ctrl Pts',(57.6271056478141,82.7419484664482,-4.44));
#2769=CARTESIAN_POINT('Ctrl Pts',(57.4138904331641,82.6604229292307,-4.44));
#2770=CARTESIAN_POINT('Ctrl Pts',(57.1968069688778,82.5792826093532,-4.44));
#2771=CARTESIAN_POINT('Ctrl Pts',(56.9642692361808,82.4923658740015,-4.44));
#2772=CARTESIAN_POINT('Ctrl Pts',(56.7272931187311,82.4058906197681,-4.44));
#2773=CARTESIAN_POINT('Ctrl Pts',(56.486473605763,82.3194366978385,-4.44));
#2774=CARTESIAN_POINT('Ctrl Pts',(56.2176565553184,82.2229316928826,-4.44));
#2775=CARTESIAN_POINT('Ctrl Pts',(55.9440503742266,82.1264525655488,-4.44));
#2776=CARTESIAN_POINT('Ctrl Pts',(55.6665457718367,82.0293939137636,-4.44));
#2777=CARTESIAN_POINT('Ctrl Pts',(55.3654619592363,81.9240883127981,-4.44));
#2778=CARTESIAN_POINT('Ctrl Pts',(55.0597896761119,81.8180989636638,-4.44));
#2779=CARTESIAN_POINT('Ctrl Pts',(54.7507333196395,81.7106474768729,-4.44));
#2780=CARTESIAN_POINT('Ctrl Pts',(54.4407931197401,81.602888698909,-4.44));
#2781=CARTESIAN_POINT('Ctrl Pts',(54.1274512587864,81.4936573957322,-4.44));
#2782=CARTESIAN_POINT('Ctrl Pts',(53.8119674728006,81.3821910532097,-4.44));
#2783=CARTESIAN_POINT('Ctrl Pts',(53.5256010983993,81.2810124386694,-4.44));
#2784=CARTESIAN_POINT('Ctrl Pts',(53.2374714801433,81.1779914771603,-4.44));
#2785=CARTESIAN_POINT('Ctrl Pts',(52.948533611817,81.0725952146778,-4.44));
#2786=CARTESIAN_POINT('Ctrl Pts',(52.6833328098428,80.9758575544419,-4.44));
#2787=CARTESIAN_POINT('Ctrl Pts',(52.417451882904,80.8771184801241,-4.44));
#2788=CARTESIAN_POINT('Ctrl Pts',(52.1516255829882,80.7760064840574,-4.44));
#2789=CARTESIAN_POINT('Ctrl Pts',(51.902068570423,80.6810828151771,-4.44));
#2790=CARTESIAN_POINT('Ctrl Pts',(51.6525601595981,80.5840675612698,-4.44));
#2791=CARTESIAN_POINT('Ctrl Pts',(51.4036966224814,80.4846948107207,-4.44));
#2792=CARTESIAN_POINT('Ctrl Pts',(51.166270301078,80.3898890111891,-4.44));
#2793=CARTESIAN_POINT('Ctrl Pts',(50.9294312542062,80.2929372468677,-4.44));
#2794=CARTESIAN_POINT('Ctrl Pts',(50.6936809223917,80.1936505949546,-4.44));
#2795=CARTESIAN_POINT('Ctrl Pts',(50.4666198895258,80.0980234560248,-4.44));
#2796=CARTESIAN_POINT('Ctrl Pts',(50.2405690210261,80.0002302467583,-4.44));
#2797=CARTESIAN_POINT('Ctrl Pts',(50.015957004802,79.9001442503415,-4.44));
#2798=CARTESIAN_POINT('Ctrl Pts',(49.7987789966841,79.8033708109337,-4.44));
#2799=CARTESIAN_POINT('Ctrl Pts',(49.5829463454575,79.704453745803,-4.44));
#2800=CARTESIAN_POINT('Ctrl Pts',(49.3688253022149,79.6033202327477,-4.44));
#2801=CARTESIAN_POINT('Ctrl Pts',(49.1620966767694,79.5056783016989,-4.44));
#2802=CARTESIAN_POINT('Ctrl Pts',(48.9569636687723,79.4059702170414,-4.44));
#2803=CARTESIAN_POINT('Ctrl Pts',(48.7537335079721,79.3041712635472,-4.44));
#2804=CARTESIAN_POINT('Ctrl Pts',(48.5567777527202,79.2055151896143,-4.44));
#2805=CARTESIAN_POINT('Ctrl Pts',(48.3616093073211,79.1048952350663,-4.44));
#2806=CARTESIAN_POINT('Ctrl Pts',(48.1684841754611,79.0023297702067,-4.44));
#2807=CARTESIAN_POINT('Ctrl Pts',(47.9792594781569,78.9018357596394,-4.44));
#2808=CARTESIAN_POINT('Ctrl Pts',(47.7919965448856,78.7994738719758,-4.44));
#2809=CARTESIAN_POINT('Ctrl Pts',(47.6069109150681,78.695303390144,-4.44));
#2810=CARTESIAN_POINT('Ctrl Pts',(47.4201070660106,78.5901658547041,-4.44));
#2811=CARTESIAN_POINT('Ctrl Pts',(47.2355212236253,78.4831859405467,-4.44));
#2812=CARTESIAN_POINT('Ctrl Pts',(47.053346464003,78.3744705571695,-4.44));
#2813=CARTESIAN_POINT('Ctrl Pts',(46.867715770591,78.2636927960641,-4.44));
#2814=CARTESIAN_POINT('Ctrl Pts',(46.6845885027079,78.1511132210013,-4.44));
#2815=CARTESIAN_POINT('Ctrl Pts',(46.5041391544233,78.0368912535352,-4.44));
#2816=CARTESIAN_POINT('Ctrl Pts',(46.3197747416888,77.9201911038619,-4.44));
#2817=CARTESIAN_POINT('Ctrl Pts',(46.1382057131649,77.8017766567799,-4.44));
#2818=CARTESIAN_POINT('Ctrl Pts',(45.9595873580827,77.681863860566,-4.44));
#2819=CARTESIAN_POINT('Ctrl Pts',(45.7750888790361,77.5580035299213,-4.44));
#2820=CARTESIAN_POINT('Ctrl Pts',(45.5937385406698,77.4325447677327,-4.44));
#2821=CARTESIAN_POINT('Ctrl Pts',(45.4156747110036,77.3057719051027,-4.44));
#2822=CARTESIAN_POINT('Ctrl Pts',(45.2299651479385,77.1735556488778,-4.44));
#2823=CARTESIAN_POINT('Ctrl Pts',(45.0478303646518,77.0399103185252,-4.44));
#2824=CARTESIAN_POINT('Ctrl Pts',(44.8693924759333,76.9052041519978,-4.44));
#2825=CARTESIAN_POINT('Ctrl Pts',(44.6815552935264,76.7634022793401,-4.44));
#2826=CARTESIAN_POINT('Ctrl Pts',(44.4978147167792,76.6204252792991,-4.44));
#2827=CARTESIAN_POINT('Ctrl Pts',(44.318275584231,76.4767467977114,-4.44));
#2828=CARTESIAN_POINT('Ctrl Pts',(44.118434621302,76.3168215173275,-4.44));
#2829=CARTESIAN_POINT('Ctrl Pts',(43.9237994121093,76.1560274282148,-4.44));
#2830=CARTESIAN_POINT('Ctrl Pts',(43.7344655930568,75.995065741586,-4.44));
#2831=CARTESIAN_POINT('Ctrl Pts',(43.533043165924,75.8238269541448,-4.44));
#2832=CARTESIAN_POINT('Ctrl Pts',(43.3376206777896,75.652399656456,-4.44));
#2833=CARTESIAN_POINT('Ctrl Pts',(43.1482579502211,75.4816676759755,-4.44));
#2834=CARTESIAN_POINT('Ctrl Pts',(42.9461454590838,75.2994403372864,-4.44));
#2835=CARTESIAN_POINT('Ctrl Pts',(42.750936023368,75.1180070888279,-4.44));
#2836=CARTESIAN_POINT('Ctrl Pts',(42.5626427903031,74.938461237058,-4.44));
#2837=CARTESIAN_POINT('Ctrl Pts',(42.3788242375309,74.7631821890997,-4.44));
#2838=CARTESIAN_POINT('Ctrl Pts',(42.2015960728207,74.5897040704497,-4.44));
#2839=CARTESIAN_POINT('Ctrl Pts',(42.0309259346067,74.419029269757,-4.44));
#2840=CARTESIAN_POINT('Ctrl Pts',(41.8746849218901,74.2627839887461,-4.44));
#2841=CARTESIAN_POINT('Ctrl Pts',(41.7239389948623,74.1088891624326,-4.44));
#2842=CARTESIAN_POINT('Ctrl Pts',(41.5786394457065,73.9580795806833,-4.44));
#2843=CARTESIAN_POINT('Ctrl Pts',(41.4440925752515,73.818430439465,-4.44));
#2844=CARTESIAN_POINT('Ctrl Pts',(41.3142152876803,73.6814273826873,-4.44));
#2845=CARTESIAN_POINT('Ctrl Pts',(41.188956976467,73.5476118764415,-4.44));
#2846=CARTESIAN_POINT('Ctrl Pts',(41.0705247122381,73.4210887480348,-4.44));
#2847=CARTESIAN_POINT('Ctrl Pts',(40.9562213979711,73.2974156064805,-4.44));
#2848=CARTESIAN_POINT('Ctrl Pts',(40.8459988060335,73.1770043799318,-4.44));
#2849=CARTESIAN_POINT('Ctrl Pts',(40.7400248226714,73.0612344901609,-4.44));
#2850=CARTESIAN_POINT('Ctrl Pts',(40.6378228383214,72.948480130728,-4.44));
#2851=CARTESIAN_POINT('Ctrl Pts',(40.5393483629642,72.8390594742062,-4.44));
#2852=CARTESIAN_POINT('Ctrl Pts',(40.4440605474994,72.7331796988747,-4.44));
#2853=CARTESIAN_POINT('Ctrl Pts',(40.3522627474164,72.6304215474769,-4.44));
#2854=CARTESIAN_POINT('Ctrl Pts',(40.2639155774953,72.5310244563798,-4.44));
#2855=CARTESIAN_POINT('Ctrl Pts',(40.1761342471219,72.4322639765643,-4.44));
#2856=CARTESIAN_POINT('Ctrl Pts',(40.0917593781991,72.3368217802578,-4.44));
#2857=CARTESIAN_POINT('Ctrl Pts',(40.0107552938497,72.2448801801756,-4.44));
#2858=CARTESIAN_POINT('Ctrl Pts',(39.9246254783987,72.1471207509943,-4.44));
#2859=CARTESIAN_POINT('Ctrl Pts',(39.842306474662,72.0533188776244,-4.44));
#2860=CARTESIAN_POINT('Ctrl Pts',(39.7637599641188,71.963633845395,-4.44));
#2861=CARTESIAN_POINT('Ctrl Pts',(39.681214910401,71.8693832446761,-4.44));
#2862=CARTESIAN_POINT('Ctrl Pts',(39.6028361521854,71.77967891533,-4.44));
#2863=CARTESIAN_POINT('Ctrl Pts',(39.5285850770328,71.6946453619736,-4.44));
#2864=CARTESIAN_POINT('Ctrl Pts',(39.450117725579,71.6047832596017,-4.44));
#2865=CARTESIAN_POINT('Ctrl Pts',(39.3762600407656,71.5201369782132,-4.44));
#2866=CARTESIAN_POINT('Ctrl Pts',(39.3069741184903,71.4407947819564,-4.44));
#2867=CARTESIAN_POINT('Ctrl Pts',(39.2292165958717,71.3517514031943,-4.44));
#2868=CARTESIAN_POINT('Ctrl Pts',(39.1572168777126,71.2693882033997,-4.43999999999999));
#2869=CARTESIAN_POINT('Ctrl Pts',(39.0909340364077,71.1937627067324,-4.43999999999999));
#2870=CARTESIAN_POINT('Ctrl Pts',(39.0156832222238,71.1079051893834,-4.43999999999999));
#2871=CARTESIAN_POINT('Ctrl Pts',(38.9478003869273,71.0307304503061,-4.44));
#2872=CARTESIAN_POINT('Ctrl Pts',(38.8872479906377,70.9622534550988,-4.44));
#2873=CARTESIAN_POINT('Ctrl Pts',(38.825389764237,70.8922997334903,-4.44));
#2874=CARTESIAN_POINT('Ctrl Pts',(38.771181424639,70.831419155634,-4.44));
#2875=CARTESIAN_POINT('Ctrl Pts',(38.724609362157,70.7796038075417,-4.44));
#2876=CARTESIAN_POINT('',(61.9699976936637,12.6899981217478,-4.44));
#2877=CARTESIAN_POINT('',(33.955,72.935,-4.44));
#2878=CARTESIAN_POINT('Origin',(35.355,72.935,-4.44));
#2879=CARTESIAN_POINT('Origin',(56.9699976936637,-88.5950037565044,5.02));
#2880=CARTESIAN_POINT('',(61.9699976936637,-88.5950037565044,-4.44));
#2881=CARTESIAN_POINT('',(61.9699976936637,-88.5950037565044,5.02));
#2882=CARTESIAN_POINT('Origin',(56.9699976936637,-88.5950037565044,-4.44));
#2883=CARTESIAN_POINT('Origin',(-35.355,-67.065,-4.44));
#2884=CARTESIAN_POINT('',(61.9699976936637,-79.271596456591,-4.43999999999999));
#2885=CARTESIAN_POINT('',(61.9699976936637,12.6899981217478,-4.44));
#2886=CARTESIAN_POINT('',(59.287809311902,-77.5752149279461,-4.44));
#2887=CARTESIAN_POINT('Ctrl Pts',(59.2878093119033,-77.5752149279467,-4.44));
#2888=CARTESIAN_POINT('Ctrl Pts',(59.4596930035058,-77.6561076014841,-4.44));
#2889=CARTESIAN_POINT('Ctrl Pts',(59.6271536767323,-77.738157681106,-4.44));
#2890=CARTESIAN_POINT('Ctrl Pts',(59.7899957742517,-77.821520521982,-4.44));
#2891=CARTESIAN_POINT('Ctrl Pts',(59.9560109047507,-77.9065077158195,-4.44));
#2892=CARTESIAN_POINT('Ctrl Pts',(60.1172257674827,-77.992859341858,-4.44));
#2893=CARTESIAN_POINT('Ctrl Pts',(60.2734782816166,-78.0807082735235,-4.44));
#2894=CARTESIAN_POINT('Ctrl Pts',(60.4393078415176,-78.1739416512814,-4.44));
#2895=CARTESIAN_POINT('Ctrl Pts',(60.5995481709459,-78.2688614844279,-4.44));
#2896=CARTESIAN_POINT('Ctrl Pts',(60.7540548770876,-78.365591386724,-4.44));
#2897=CARTESIAN_POINT('Ctrl Pts',(60.9146025358668,-78.4661032656928,-4.44));
#2898=CARTESIAN_POINT('Ctrl Pts',(61.0689598283335,-78.5685692921287,-4.44));
#2899=CARTESIAN_POINT('Ctrl Pts',(61.2170128188552,-78.6730933732284,-4.44));
#2900=CARTESIAN_POINT('Ctrl Pts',(61.3738020535507,-78.7837851642225,-4.44));
#2901=CARTESIAN_POINT('Ctrl Pts',(61.5235212127322,-78.8967849973218,-4.44));
#2902=CARTESIAN_POINT('Ctrl Pts',(61.6660832998787,-79.012180472739,-4.44));
#2903=CARTESIAN_POINT('Ctrl Pts',(61.771291805535,-79.0973404600199,-4.44));
#2904=CARTESIAN_POINT('Ctrl Pts',(61.8726034993895,-79.1838043733387,-4.44));
#2905=CARTESIAN_POINT('Ctrl Pts',(61.9699976936637,-79.271596456591,-4.44));
#2906=CARTESIAN_POINT('',(59.0363460214323,-77.4590911763536,-4.44));
#2907=CARTESIAN_POINT('Origin',(54.97,-86.595,-4.44));
#2908=CARTESIAN_POINT('',(38.724609362157,-64.9096038075417,-4.44));
#2909=CARTESIAN_POINT('Ctrl Pts',(59.0363460214323,-77.4590911763536,-4.44));
#2910=CARTESIAN_POINT('Ctrl Pts',(58.9112130096628,-77.4023690429742,-4.44));
#2911=CARTESIAN_POINT('Ctrl Pts',(58.4880886286448,-77.2148092096377,-4.44));
#2912=CARTESIAN_POINT('Ctrl Pts',(57.7352819660394,-76.9038824644161,-4.44));
#2913=CARTESIAN_POINT('Ctrl Pts',(56.5987202199065,-76.4788723020771,-4.44));
#2914=CARTESIAN_POINT('Ctrl Pts',(55.0235060202771,-75.9352015113046,-4.44));
#2915=CARTESIAN_POINT('Ctrl Pts',(53.1576094159313,-75.2919681220049,-4.44));
#2916=CARTESIAN_POINT('Ctrl Pts',(51.262707137673,-74.5841872206306,-4.44));
#2917=CARTESIAN_POINT('Ctrl Pts',(49.3970406958046,-73.7834247883122,-4.44));
#2918=CARTESIAN_POINT('Ctrl Pts',(47.6138548139513,-72.8735655866206,-4.44));
#2919=CARTESIAN_POINT('Ctrl Pts',(45.9568368328065,-71.85600791069,-4.44));
#2920=CARTESIAN_POINT('Ctrl Pts',(44.4542639910073,-70.7570624410228,-4.44));
#2921=CARTESIAN_POINT('Ctrl Pts',(43.1211678427344,-69.6218869351281,-4.44));
#2922=CARTESIAN_POINT('Ctrl Pts',(41.9631037802558,-68.5056252014963,-4.44));
#2923=CARTESIAN_POINT('Ctrl Pts',(40.9790385237424,-67.4656521788908,-4.44));
#2924=CARTESIAN_POINT('Ctrl Pts',(40.1642585036604,-66.5536594755383,-4.44));
#2925=CARTESIAN_POINT('Ctrl Pts',(39.5130647549051,-65.8071411101107,-4.44));
#2926=CARTESIAN_POINT('Ctrl Pts',(39.1195223710142,-65.3553454206675,-4.44));
#2927=CARTESIAN_POINT('Ctrl Pts',(38.8947893963979,-65.1001017979386,-4.44));
#2928=CARTESIAN_POINT('Ctrl Pts',(38.7761405500062,-64.9669366009339,-4.44));
#2929=CARTESIAN_POINT('Ctrl Pts',(38.724609362157,-64.9096038075417,-4.44));
#2930=CARTESIAN_POINT('',(33.2142576977105,-70.4439380573174,-4.44));
#2931=CARTESIAN_POINT('Origin',(35.355,-67.065,-4.44));
#2932=CARTESIAN_POINT('',(45.8518366862141,-90.7009831688779,-4.44));
#2933=CARTESIAN_POINT('Ctrl Pts',(33.2142576977105,-70.4439380573174,-4.44));
#2934=CARTESIAN_POINT('Ctrl Pts',(33.2718137404983,-70.495219773931,-4.44));
#2935=CARTESIAN_POINT('Ctrl Pts',(33.4054929508765,-70.6132891906296,-4.44));
#2936=CARTESIAN_POINT('Ctrl Pts',(33.6617101387115,-70.836911572082,-4.44));
#2937=CARTESIAN_POINT('Ctrl Pts',(34.1152106464987,-71.2284881831676,-4.44));
#2938=CARTESIAN_POINT('Ctrl Pts',(34.8645499812604,-71.8764338056413,-4.44));
#2939=CARTESIAN_POINT('Ctrl Pts',(35.7800725172011,-72.6872455336265,-4.44));
#2940=CARTESIAN_POINT('Ctrl Pts',(36.824309338746,-73.6667851077784,-4.44));
#2941=CARTESIAN_POINT('Ctrl Pts',(37.9455897952525,-74.8199905398804,-4.44));
#2942=CARTESIAN_POINT('Ctrl Pts',(39.0865439763361,-76.1481442683331,-4.44));
#2943=CARTESIAN_POINT('Ctrl Pts',(40.1920044675059,-77.6459304322054,-4.44));
#2944=CARTESIAN_POINT('Ctrl Pts',(41.2167486579344,-79.2985137305186,-4.44));
#2945=CARTESIAN_POINT('Ctrl Pts',(42.1343433126169,-81.0777314535166,-4.44));
#2946=CARTESIAN_POINT('Ctrl Pts',(42.9432004238921,-82.9399027450081,-4.44));
#2947=CARTESIAN_POINT('Ctrl Pts',(43.6592038466383,-84.8317133980895,-4.44));
#2948=CARTESIAN_POINT('Ctrl Pts',(44.3105343999291,-86.6947989682064,-4.44));
#2949=CARTESIAN_POINT('Ctrl Pts',(44.861040915861,-88.2676372559821,-4.44));
#2950=CARTESIAN_POINT('Ctrl Pts',(45.2909829391845,-89.4023425470262,-4.44));
#2951=CARTESIAN_POINT('Ctrl Pts',(45.6051760467622,-90.1537918156759,-4.44));
#2952=CARTESIAN_POINT('Ctrl Pts',(45.7945716591364,-90.5760976703964,-4.44));
#2953=CARTESIAN_POINT('Ctrl Pts',(45.8518366862141,-90.7009831688779,-4.44));
#2954=CARTESIAN_POINT('',(45.9690513993157,-90.9519397847411,-4.44));
#2955=CARTESIAN_POINT('Origin',(54.97,-86.595,-4.44));
#2956=CARTESIAN_POINT('Ctrl Pts',(47.648383179254,-93.5950037565044,-4.44000000000001));
#2957=CARTESIAN_POINT('Ctrl Pts',(46.973477010402,-92.8438533648115,-4.44000000000001));
#2958=CARTESIAN_POINT('Ctrl Pts',(46.4319625531362,-91.9245646406171,-4.44));
#2959=CARTESIAN_POINT('Ctrl Pts',(45.9690513993164,-90.9519397847425,-4.44));
#2960=CARTESIAN_POINT('',(33.955,-67.065,-4.44));
#2961=CARTESIAN_POINT('Origin',(35.355,-67.065,-4.44));
#2962=CARTESIAN_POINT('Origin',(61.9699976936637,92.4449962434956,5.02));
#2963=CARTESIAN_POINT('',(61.9699976936637,-28.5,-49.98));
#2964=CARTESIAN_POINT('',(61.9699976936637,-28.5,-22.98));
#2965=CARTESIAN_POINT('',(61.9699976936637,-79.271596456591,-49.98));
#2966=CARTESIAN_POINT('',(61.9699976936637,47.6849962434956,-49.98));
#2967=CARTESIAN_POINT('Ctrl Pts',(61.9699976936637,-79.271596456591,-4.43999999999999));
#2968=CARTESIAN_POINT('Ctrl Pts',(61.9699976936637,-79.271596456591,-10.512));
#2969=CARTESIAN_POINT('Ctrl Pts',(61.9699976936637,-79.271596456591,-16.584));
#2970=CARTESIAN_POINT('Ctrl Pts',(61.9699976936637,-79.271596456591,-31.764));
#2971=CARTESIAN_POINT('Ctrl Pts',(61.9699976936637,-79.271596456591,-40.872));
#2972=CARTESIAN_POINT('Ctrl Pts',(61.9699976936637,-79.271596456591,-49.98));
#2973=CARTESIAN_POINT('Origin',(-61.9700023063363,-86.5950037565045,5.02));
#2974=CARTESIAN_POINT('',(-61.9700023063363,-78.9737749755703,-49.98));
#2975=CARTESIAN_POINT('Ctrl Pts',(-61.9700023063363,-78.9737749755703,-49.98));
#2976=CARTESIAN_POINT('Ctrl Pts',(-61.9700023063363,-78.9737749755703,-40.872));
#2977=CARTESIAN_POINT('Ctrl Pts',(-61.9700023063363,-78.9737749755703,-31.764));
#2978=CARTESIAN_POINT('Ctrl Pts',(-61.9700023063363,-78.9737749755703,-16.584));
#2979=CARTESIAN_POINT('Ctrl Pts',(-61.9700023063363,-78.9737749755703,-10.512));
#2980=CARTESIAN_POINT('Ctrl Pts',(-61.9700023063363,-78.9737749755703,-4.44));
#2981=CARTESIAN_POINT('',(-61.9700023063363,84.8437749756379,-49.98));
#2982=CARTESIAN_POINT('',(-61.9700023063363,-41.8350037565045,-49.98));
#2983=CARTESIAN_POINT('',(-61.9700023063363,84.8437749756379,-4.44));
#2984=CARTESIAN_POINT('Ctrl Pts',(-61.9700023063363,84.8437749756379,-4.44));
#2985=CARTESIAN_POINT('Ctrl Pts',(-61.9700023063363,84.8437749756379,-10.512));
#2986=CARTESIAN_POINT('Ctrl Pts',(-61.9700023063363,84.8437749756379,-16.584));
#2987=CARTESIAN_POINT('Ctrl Pts',(-61.9700023063363,84.8437749756379,-31.764));
#2988=CARTESIAN_POINT('Ctrl Pts',(-61.9700023063363,84.8437749756379,-40.872));
#2989=CARTESIAN_POINT('Ctrl Pts',(-61.9700023063363,84.8437749756379,-49.98));
#2990=CARTESIAN_POINT('',(-61.9700023063363,-76.8300018782523,-4.44));
#2991=CARTESIAN_POINT('Origin',(64.97,-37.,5.02));
#2992=CARTESIAN_POINT('',(64.969997693963,-37.0000023056137,5.02));
#2993=CARTESIAN_POINT('',(72.47,-29.5,5.02));
#2994=CARTESIAN_POINT('',(64.97,-37.,5.02));
#2995=CARTESIAN_POINT('',(72.47,-29.5,-32.98));
#2996=CARTESIAN_POINT('',(72.47,-29.5,5.02));
#2997=CARTESIAN_POINT('',(64.969997693963,-37.0000023056137,-32.98));
#2998=CARTESIAN_POINT('',(64.97,-37.,-32.98));
#2999=CARTESIAN_POINT('',(64.9699976936637,-37.0000023063363,5.02));
#3000=CARTESIAN_POINT('Origin',(72.47,-64.5,5.02));
#3001=CARTESIAN_POINT('',(72.47,-64.5,5.02));
#3002=CARTESIAN_POINT('',(64.969997693963,-56.9999976943863,5.02));
#3003=CARTESIAN_POINT('',(72.47,-64.5,5.02));
#3004=CARTESIAN_POINT('',(64.969997693963,-56.9999976943863,-32.98));
#3005=CARTESIAN_POINT('',(64.9699976936637,-56.9999976936637,5.02));
#3006=CARTESIAN_POINT('',(72.47,-64.5,-32.98));
#3007=CARTESIAN_POINT('',(72.47,-64.5,-32.98));
#3008=CARTESIAN_POINT('',(72.47,-64.5,5.02));
#3009=CARTESIAN_POINT('Origin',(72.47,-29.5,5.02));
#3010=CARTESIAN_POINT('',(72.47,-29.5,5.02));
#3011=CARTESIAN_POINT('',(72.47,-29.5,-32.98));
#3012=CARTESIAN_POINT('Origin',(68.72,-47.,-32.98));
#3013=CARTESIAN_POINT('',(64.9699976936637,22.7224981217478,-32.98));
#3014=CARTESIAN_POINT('Origin',(64.97,63.,5.02));
#3015=CARTESIAN_POINT('',(64.969997693963,62.9999976943863,5.02));
#3016=CARTESIAN_POINT('',(72.47,70.5,5.02));
#3017=CARTESIAN_POINT('',(64.97,63.,5.02));
#3018=CARTESIAN_POINT('',(72.47,70.5,-32.98));
#3019=CARTESIAN_POINT('',(72.47,70.5,5.02));
#3020=CARTESIAN_POINT('',(64.969997693963,62.9999976943863,-32.98));
#3021=CARTESIAN_POINT('',(64.97,63.,-32.98));
#3022=CARTESIAN_POINT('',(64.9699976936637,62.9999976936637,5.02));
#3023=CARTESIAN_POINT('Origin',(72.47,35.5,5.02));
#3024=CARTESIAN_POINT('',(72.47,35.5,5.02));
#3025=CARTESIAN_POINT('',(64.969997693963,43.0000023056137,5.02));
#3026=CARTESIAN_POINT('',(72.47,35.5,5.02));
#3027=CARTESIAN_POINT('',(64.969997693963,43.0000023056137,-32.98));
#3028=CARTESIAN_POINT('',(64.9699976936637,43.0000023063363,5.02));
#3029=CARTESIAN_POINT('',(72.47,35.5,-32.98));
#3030=CARTESIAN_POINT('',(72.47,35.5,-32.98));
#3031=CARTESIAN_POINT('',(72.47,35.5,5.02));
#3032=CARTESIAN_POINT('Origin',(72.47,70.5,5.02));
#3033=CARTESIAN_POINT('',(72.47,70.5,5.02));
#3034=CARTESIAN_POINT('',(72.47,70.5,-32.98));
#3035=CARTESIAN_POINT('Origin',(68.72,53.,-32.98));
#3036=CARTESIAN_POINT('',(64.9699976936637,72.7224981217478,-32.98));
#3037=CARTESIAN_POINT('Origin',(-35.355,72.935,-12.44));
#3038=CARTESIAN_POINT('',(-38.105,72.935,-12.44));
#3039=CARTESIAN_POINT('Origin',(-35.355,72.935,-12.44));
#3040=CARTESIAN_POINT('',(-36.755,72.935,-12.44));
#3041=CARTESIAN_POINT('Origin',(-35.355,72.935,-12.44));
#3042=CARTESIAN_POINT('Origin',(35.355,72.935,-12.44));
#3043=CARTESIAN_POINT('',(32.605,72.935,-12.44));
#3044=CARTESIAN_POINT('Origin',(35.355,72.935,-12.44));
#3045=CARTESIAN_POINT('',(33.955,72.935,-12.44));
#3046=CARTESIAN_POINT('Origin',(35.355,72.935,-12.44));
#3047=CARTESIAN_POINT('Origin',(35.355,-67.065,-12.44));
#3048=CARTESIAN_POINT('',(32.605,-67.065,-12.44));
#3049=CARTESIAN_POINT('Origin',(35.355,-67.065,-12.44));
#3050=CARTESIAN_POINT('',(33.955,-67.065,-12.44));
#3051=CARTESIAN_POINT('Origin',(35.355,-67.065,-12.44));
#3052=CARTESIAN_POINT('Origin',(-35.355,-67.065,-12.44));
#3053=CARTESIAN_POINT('',(-38.105,-67.065,-12.44));
#3054=CARTESIAN_POINT('Origin',(-35.355,-67.065,-12.44));
#3055=CARTESIAN_POINT('',(-36.755,-67.065,-12.44));
#3056=CARTESIAN_POINT('Origin',(-35.355,-67.065,-12.44));
#3057=CARTESIAN_POINT('Origin',(45.1625,82.69,-49.98));
#3058=CARTESIAN_POINT('',(46.2625,82.69,-49.98));
#3059=CARTESIAN_POINT('Origin',(45.1625,82.69,-49.98));
#3060=CARTESIAN_POINT('',(46.2625,82.69,-41.98));
#3061=CARTESIAN_POINT('',(46.2625,82.69,-49.98));
#3062=CARTESIAN_POINT('Origin',(45.1625,82.69,-41.98));
#3063=CARTESIAN_POINT('Origin',(45.1625,82.69,-41.98));
#3064=CARTESIAN_POINT('Origin',(-45.1625,82.69,-49.98));
#3065=CARTESIAN_POINT('',(-44.0625,82.69,-49.98));
#3066=CARTESIAN_POINT('Origin',(-45.1625,82.69,-49.98));
#3067=CARTESIAN_POINT('',(-44.0625,82.69,-41.98));
#3068=CARTESIAN_POINT('',(-44.0625,82.69,-49.98));
#3069=CARTESIAN_POINT('Origin',(-45.1625,82.69,-41.98));
#3070=CARTESIAN_POINT('Origin',(-45.1625,82.69,-41.98));
#3071=CARTESIAN_POINT('Origin',(45.1625,-76.83,-49.98));
#3072=CARTESIAN_POINT('',(46.2625,-76.83,-49.98));
#3073=CARTESIAN_POINT('Origin',(45.1625,-76.83,-49.98));
#3074=CARTESIAN_POINT('',(46.2625,-76.83,-41.98));
#3075=CARTESIAN_POINT('',(46.2625,-76.83,-49.98));
#3076=CARTESIAN_POINT('Origin',(45.1625,-76.83,-41.98));
#3077=CARTESIAN_POINT('Origin',(45.1625,-76.83,-41.98));
#3078=CARTESIAN_POINT('Origin',(-45.1625,-76.83,-49.98));
#3079=CARTESIAN_POINT('',(-44.0625,-76.83,-49.98));
#3080=CARTESIAN_POINT('Origin',(-45.1625,-76.83,-49.98));
#3081=CARTESIAN_POINT('',(-44.0625,-76.83,-41.98));
#3082=CARTESIAN_POINT('',(-44.0625,-76.83,-49.98));
#3083=CARTESIAN_POINT('Origin',(-45.1625,-76.83,-41.98));
#3084=CARTESIAN_POINT('Origin',(-45.1625,-76.83,-41.98));
#3085=CARTESIAN_POINT('Origin',(-2.30633632192223E-6,2.92499624349554,-49.98));
#3086=CARTESIAN_POINT('',(54.9699976936637,102.444996243496,-49.98));
#3087=CARTESIAN_POINT('',(-54.9700023063363,102.444996243496,-49.98));
#3088=CARTESIAN_POINT('',(-27.4850023063363,102.444996243496,-49.98));
#3089=CARTESIAN_POINT('',(64.9699976936637,92.4449962434956,-49.98));
#3090=CARTESIAN_POINT('Origin',(54.9699976936637,92.4449962434956,-49.98));
#3091=CARTESIAN_POINT('',(64.9699976936637,34.5,-49.98));
#3092=CARTESIAN_POINT('',(64.9699976936637,47.6849962434955,-49.98));
#3093=CARTESIAN_POINT('',(61.9699976936637,34.5,-49.98));
#3094=CARTESIAN_POINT('',(32.4849976936637,34.5,-49.98));
#3095=CARTESIAN_POINT('',(61.9699976936637,84.8437716055277,-49.98));
#3096=CARTESIAN_POINT('',(61.9699976936637,47.6849962434956,-49.98));
#3097=CARTESIAN_POINT('',(38.724609362157,70.7796038075417,-49.98));
#3098=CARTESIAN_POINT('Ctrl Pts',(38.724609362157,70.7796038075417,-49.98));
#3099=CARTESIAN_POINT('Ctrl Pts',(38.7761405500062,70.8369366009314,-49.98));
#3100=CARTESIAN_POINT('Ctrl Pts',(38.8947893963979,70.9701017979322,-49.98));
#3101=CARTESIAN_POINT('Ctrl Pts',(39.1195223710142,71.2253454206579,-49.98));
#3102=CARTESIAN_POINT('Ctrl Pts',(39.5130647549051,71.677141110102,-49.98));
#3103=CARTESIAN_POINT('Ctrl Pts',(40.1642585036604,72.4236594755368,-49.98));
#3104=CARTESIAN_POINT('Ctrl Pts',(40.9790385237424,73.3356521788988,-49.98));
#3105=CARTESIAN_POINT('Ctrl Pts',(41.9631037802558,74.3756252015127,-49.98));
#3106=CARTESIAN_POINT('Ctrl Pts',(43.1211678427344,75.4918869351493,-49.98));
#3107=CARTESIAN_POINT('Ctrl Pts',(44.4542639910073,76.6270624410428,-49.98));
#3108=CARTESIAN_POINT('Ctrl Pts',(45.9568368328065,77.7260079107021,-49.98));
#3109=CARTESIAN_POINT('Ctrl Pts',(47.6138548139513,78.7435655866185,-49.98));
#3110=CARTESIAN_POINT('Ctrl Pts',(49.3970406958046,79.6534247882923,-49.98));
#3111=CARTESIAN_POINT('Ctrl Pts',(51.262707137673,80.4541872205936,-49.98));
#3112=CARTESIAN_POINT('Ctrl Pts',(53.1576094159313,81.1619681219564,-49.98));
#3113=CARTESIAN_POINT('Ctrl Pts',(55.0235060202771,81.8052015112546,-49.98));
#3114=CARTESIAN_POINT('Ctrl Pts',(56.8019556155132,82.4190171421931,-49.98));
#3115=CARTESIAN_POINT('Ctrl Pts',(58.1444197296872,82.9280226020332,-49.98));
#3116=CARTESIAN_POINT('Ctrl Pts',(59.070216095263,83.3319527267281,-49.98));
#3117=CARTESIAN_POINT('Ctrl Pts',(59.6519291934511,83.6178222206657,-49.98));
#3118=CARTESIAN_POINT('Ctrl Pts',(59.9436727195942,83.7712742693592,-49.98));
#3119=CARTESIAN_POINT('Ctrl Pts',(59.9699976936637,83.7852076043008,-49.98));
#3120=CARTESIAN_POINT('Ctrl Pts',(60.3699976936637,83.9969204045462,-49.98));
#3121=CARTESIAN_POINT('Ctrl Pts',(60.7699976936637,84.2086332047916,-49.98));
#3122=CARTESIAN_POINT('Ctrl Pts',(61.1699976936637,84.4203460050369,-49.98));
#3123=CARTESIAN_POINT('Ctrl Pts',(61.5699976936637,84.6320588052823,-49.98));
#3124=CARTESIAN_POINT('Ctrl Pts',(61.9699976936637,84.8437716055277,-49.98));
#3125=CARTESIAN_POINT('',(33.2142576977105,76.3139380573174,-49.98));
#3126=CARTESIAN_POINT('Origin',(35.355,72.935,-49.98));
#3127=CARTESIAN_POINT('Ctrl Pts',(47.3395196200945,99.4449962434956,-49.98));
#3128=CARTESIAN_POINT('Ctrl Pts',(47.1278830098668,99.0449962434955,-49.98));
#3129=CARTESIAN_POINT('Ctrl Pts',(46.9162463996391,98.6449962434955,-49.98));
#3130=CARTESIAN_POINT('Ctrl Pts',(46.7046097894114,98.2449962434955,-49.98));
#3131=CARTESIAN_POINT('Ctrl Pts',(46.4929731791837,97.8449962434955,-49.98));
#3132=CARTESIAN_POINT('Ctrl Pts',(46.281336568956,97.4449962434955,-49.98));
#3133=CARTESIAN_POINT('Ctrl Pts',(46.2734638536938,97.4301165584472,-49.98));
#3134=CARTESIAN_POINT('Ctrl Pts',(46.1252963433552,97.1491036262527,-49.98));
#3135=CARTESIAN_POINT('Ctrl Pts',(45.8433778261822,96.5788396952172,-49.98));
#3136=CARTESIAN_POINT('Ctrl Pts',(45.4414257057661,95.6665600990937,-49.98));
#3137=CARTESIAN_POINT('Ctrl Pts',(44.9320677067322,94.3405661094685,-49.98));
#3138=CARTESIAN_POINT('Ctrl Pts',(44.3105343999334,92.5647989681557,-49.98));
#3139=CARTESIAN_POINT('Ctrl Pts',(43.6592038466431,90.7017133980373,-49.98));
#3140=CARTESIAN_POINT('Ctrl Pts',(42.9432004238962,88.8099027449652,-49.98));
#3141=CARTESIAN_POINT('Ctrl Pts',(42.1343433126194,86.9477314534911,-49.98));
#3142=CARTESIAN_POINT('Ctrl Pts',(41.2167486579348,85.1685137305145,-49.98));
#3143=CARTESIAN_POINT('Ctrl Pts',(40.1920044675041,83.5159304322227,-49.98));
#3144=CARTESIAN_POINT('Ctrl Pts',(39.0865439763327,82.0181442683669,-49.98));
#3145=CARTESIAN_POINT('Ctrl Pts',(37.9455897952485,80.689990539922,-49.98));
#3146=CARTESIAN_POINT('Ctrl Pts',(36.8243093387426,79.536785107816,-49.98));
#3147=CARTESIAN_POINT('Ctrl Pts',(35.7800725171994,78.5572455336483,-49.98));
#3148=CARTESIAN_POINT('Ctrl Pts',(34.8645499812608,77.7464338056386,-49.98));
#3149=CARTESIAN_POINT('Ctrl Pts',(34.1152106465004,77.0984881831404,-49.98));
#3150=CARTESIAN_POINT('Ctrl Pts',(33.6617101387132,76.7069115720487,-49.98));
#3151=CARTESIAN_POINT('Ctrl Pts',(33.4054929508776,76.4832891906065,-49.98));
#3152=CARTESIAN_POINT('Ctrl Pts',(33.2718137404987,76.3652197739221,-49.98));
#3153=CARTESIAN_POINT('Ctrl Pts',(33.2142576977105,76.3139380573174,-49.98));
#3154=CARTESIAN_POINT('',(-33.2142576977105,76.3139380573174,-49.98));
#3155=CARTESIAN_POINT('Ctrl Pts',(-33.2142576977105,76.3139380573174,-49.98));
#3156=CARTESIAN_POINT('Ctrl Pts',(-33.2718137404987,76.3652197739221,-49.98));
#3157=CARTESIAN_POINT('Ctrl Pts',(-33.4054929508776,76.4832891906065,-49.98));
#3158=CARTESIAN_POINT('Ctrl Pts',(-33.6617101387132,76.7069115720487,-49.98));
#3159=CARTESIAN_POINT('Ctrl Pts',(-34.1152106465004,77.0984881831404,-49.98));
#3160=CARTESIAN_POINT('Ctrl Pts',(-34.8645499812608,77.7464338056386,-49.98));
#3161=CARTESIAN_POINT('Ctrl Pts',(-35.7800725171994,78.5572455336483,-49.98));
#3162=CARTESIAN_POINT('Ctrl Pts',(-36.8243093387426,79.536785107816,-49.98));
#3163=CARTESIAN_POINT('Ctrl Pts',(-37.9455897952485,80.689990539922,-49.98));
#3164=CARTESIAN_POINT('Ctrl Pts',(-39.0865439763327,82.0181442683669,-49.98));
#3165=CARTESIAN_POINT('Ctrl Pts',(-40.1920044675041,83.5159304322227,-49.98));
#3166=CARTESIAN_POINT('Ctrl Pts',(-41.2167486579348,85.1685137305145,-49.98));
#3167=CARTESIAN_POINT('Ctrl Pts',(-42.1343433126194,86.9477314534911,-49.98));
#3168=CARTESIAN_POINT('Ctrl Pts',(-42.9432004238962,88.8099027449652,-49.98));
#3169=CARTESIAN_POINT('Ctrl Pts',(-43.6592038466431,90.7017133980373,-49.98));
#3170=CARTESIAN_POINT('Ctrl Pts',(-44.3105343999334,92.5647989681557,-49.98));
#3171=CARTESIAN_POINT('Ctrl Pts',(-44.9320677067322,94.3405661094685,-49.98));
#3172=CARTESIAN_POINT('Ctrl Pts',(-45.4414257057661,95.6665600990937,-49.98));
#3173=CARTESIAN_POINT('Ctrl Pts',(-45.8433778261822,96.5788396952172,-49.98));
#3174=CARTESIAN_POINT('Ctrl Pts',(-46.1252963433552,97.1491036262528,-49.98));
#3175=CARTESIAN_POINT('Ctrl Pts',(-46.2734638536939,97.4301165584472,-49.98));
#3176=CARTESIAN_POINT('Ctrl Pts',(-46.281336568956,97.4449962434956,-49.98));
#3177=CARTESIAN_POINT('Ctrl Pts',(-46.4929731791798,97.8449962434956,-49.98));
#3178=CARTESIAN_POINT('Ctrl Pts',(-46.7046097894036,98.2449962434956,-49.98));
#3179=CARTESIAN_POINT('Ctrl Pts',(-46.9162463996274,98.6449962434956,-49.98));
#3180=CARTESIAN_POINT('Ctrl Pts',(-47.1278830098513,99.0449962434956,-49.98));
#3181=CARTESIAN_POINT('Ctrl Pts',(-47.3395196200751,99.4449962434956,-49.98));
#3182=CARTESIAN_POINT('',(-38.724609362157,70.7796038075417,-49.98));
#3183=CARTESIAN_POINT('Origin',(-35.355,72.935,-49.98));
#3184=CARTESIAN_POINT('Ctrl Pts',(-61.9700023063363,84.8437749756378,-49.98));
#3185=CARTESIAN_POINT('Ctrl Pts',(-61.5700023063363,84.6320619896516,-49.98));
#3186=CARTESIAN_POINT('Ctrl Pts',(-61.1700023063363,84.4203490036653,-49.98));
#3187=CARTESIAN_POINT('Ctrl Pts',(-60.7700023063363,84.2086360176791,-49.98));
#3188=CARTESIAN_POINT('Ctrl Pts',(-60.3700023063363,83.9969230316928,-49.98));
#3189=CARTESIAN_POINT('Ctrl Pts',(-59.9700023063363,83.7852100457065,-49.98));
#3190=CARTESIAN_POINT('Ctrl Pts',(-59.9436764246368,83.7712762181482,-49.98));
#3191=CARTESIAN_POINT('Ctrl Pts',(-59.6519320952324,83.6178236466795,-49.98));
#3192=CARTESIAN_POINT('Ctrl Pts',(-59.0702181807743,83.3319536366484,-49.98));
#3193=CARTESIAN_POINT('Ctrl Pts',(-58.1444208729203,82.9280230354987,-49.98));
#3194=CARTESIAN_POINT('Ctrl Pts',(-56.8019556155132,82.4190171421931,-49.98));
#3195=CARTESIAN_POINT('Ctrl Pts',(-55.0235060202771,81.8052015112546,-49.98));
#3196=CARTESIAN_POINT('Ctrl Pts',(-53.1576094159313,81.1619681219564,-49.98));
#3197=CARTESIAN_POINT('Ctrl Pts',(-51.262707137673,80.4541872205936,-49.98));
#3198=CARTESIAN_POINT('Ctrl Pts',(-49.3970406958046,79.6534247882923,-49.98));
#3199=CARTESIAN_POINT('Ctrl Pts',(-47.6138548139513,78.7435655866185,-49.98));
#3200=CARTESIAN_POINT('Ctrl Pts',(-45.9568368328065,77.7260079107021,-49.98));
#3201=CARTESIAN_POINT('Ctrl Pts',(-44.4542639910073,76.6270624410428,-49.98));
#3202=CARTESIAN_POINT('Ctrl Pts',(-43.1211678427344,75.4918869351493,-49.98));
#3203=CARTESIAN_POINT('Ctrl Pts',(-41.9631037802558,74.3756252015127,-49.98));
#3204=CARTESIAN_POINT('Ctrl Pts',(-40.9790385237424,73.3356521788988,-49.98));
#3205=CARTESIAN_POINT('Ctrl Pts',(-40.1642585036604,72.4236594755368,-49.98));
#3206=CARTESIAN_POINT('Ctrl Pts',(-39.5130647549051,71.677141110102,-49.98));
#3207=CARTESIAN_POINT('Ctrl Pts',(-39.1195223710142,71.2253454206579,-49.98));
#3208=CARTESIAN_POINT('Ctrl Pts',(-38.8947893963979,70.9701017979322,-49.98));
#3209=CARTESIAN_POINT('Ctrl Pts',(-38.7761405500062,70.8369366009314,-49.98));
#3210=CARTESIAN_POINT('Ctrl Pts',(-38.724609362157,70.7796038075417,-49.98));
#3211=CARTESIAN_POINT('',(-38.724609362157,-64.9096038075417,-49.98));
#3212=CARTESIAN_POINT('Ctrl Pts',(-38.724609362157,-64.9096038075417,-49.98));
#3213=CARTESIAN_POINT('Ctrl Pts',(-38.7761405500062,-64.9669366009339,-49.98));
#3214=CARTESIAN_POINT('Ctrl Pts',(-38.8947893963979,-65.1001017979386,-49.98));
#3215=CARTESIAN_POINT('Ctrl Pts',(-39.1195223710142,-65.3553454206675,-49.98));
#3216=CARTESIAN_POINT('Ctrl Pts',(-39.5130647549051,-65.8071411101107,-49.98));
#3217=CARTESIAN_POINT('Ctrl Pts',(-40.1642585036604,-66.5536594755383,-49.98));
#3218=CARTESIAN_POINT('Ctrl Pts',(-40.9790385237424,-67.4656521788908,-49.98));
#3219=CARTESIAN_POINT('Ctrl Pts',(-41.9631037802558,-68.5056252014963,-49.98));
#3220=CARTESIAN_POINT('Ctrl Pts',(-43.1211678427344,-69.6218869351281,-49.98));
#3221=CARTESIAN_POINT('Ctrl Pts',(-44.4542639910073,-70.7570624410228,-49.98));
#3222=CARTESIAN_POINT('Ctrl Pts',(-45.9568368328065,-71.85600791069,-49.98));
#3223=CARTESIAN_POINT('Ctrl Pts',(-47.6138548139513,-72.8735655866206,-49.98));
#3224=CARTESIAN_POINT('Ctrl Pts',(-49.3970406958046,-73.7834247883122,-49.98));
#3225=CARTESIAN_POINT('Ctrl Pts',(-51.262707137673,-74.5841872206306,-49.98));
#3226=CARTESIAN_POINT('Ctrl Pts',(-53.1576094159313,-75.2919681220049,-49.98));
#3227=CARTESIAN_POINT('Ctrl Pts',(-55.0235060202771,-75.9352015113046,-49.98));
#3228=CARTESIAN_POINT('Ctrl Pts',(-56.8019556155132,-76.5490171422318,-49.98));
#3229=CARTESIAN_POINT('Ctrl Pts',(-58.1444208729203,-77.0580230355178,-49.98));
#3230=CARTESIAN_POINT('Ctrl Pts',(-59.0702181807743,-77.4619536366484,-49.98));
#3231=CARTESIAN_POINT('Ctrl Pts',(-59.6519320952324,-77.747823646666,-49.98));
#3232=CARTESIAN_POINT('Ctrl Pts',(-59.9436764246368,-77.9012762181278,-49.98));
#3233=CARTESIAN_POINT('Ctrl Pts',(-59.9700023063363,-77.9152100456855,-49.98));
#3234=CARTESIAN_POINT('Ctrl Pts',(-60.3700023063363,-78.1269230316625,-49.98));
#3235=CARTESIAN_POINT('Ctrl Pts',(-60.7700023063363,-78.3386360176394,-49.98));
#3236=CARTESIAN_POINT('Ctrl Pts',(-61.1700023063363,-78.5503490036164,-49.98));
#3237=CARTESIAN_POINT('Ctrl Pts',(-61.5700023063363,-78.7620619895934,-49.98));
#3238=CARTESIAN_POINT('Ctrl Pts',(-61.9700023063364,-78.9737749755704,-49.98));
#3239=CARTESIAN_POINT('',(-33.2142576977105,-70.4439380573174,-49.98));
#3240=CARTESIAN_POINT('Origin',(-35.355,-67.065,-49.98));
#3241=CARTESIAN_POINT('Ctrl Pts',(-47.3540887498211,-93.5950037565045,-49.98));
#3242=CARTESIAN_POINT('Ctrl Pts',(-47.1416594333828,-93.1950037565045,-49.98));
#3243=CARTESIAN_POINT('Ctrl Pts',(-46.9292301169445,-92.7950037565045,-49.98));
#3244=CARTESIAN_POINT('Ctrl Pts',(-46.7168008005062,-92.3950037565045,-49.98));
#3245=CARTESIAN_POINT('Ctrl Pts',(-46.5043714840679,-91.9950037565045,-49.98));
#3246=CARTESIAN_POINT('Ctrl Pts',(-46.2919421676296,-91.5950037565045,-49.98));
#3247=CARTESIAN_POINT('Ctrl Pts',(-46.2819366632494,-91.5761635991327,-49.98));
#3248=CARTESIAN_POINT('Ctrl Pts',(-46.1315054239711,-91.2916525455371,-49.98));
#3249=CARTESIAN_POINT('Ctrl Pts',(-45.8473477119411,-90.7178467156018,-49.98));
#3250=CARTESIAN_POINT('Ctrl Pts',(-45.4433206886042,-89.8014932421272,-49.98));
#3251=CARTESIAN_POINT('Ctrl Pts',(-44.9320677067293,-88.4705661095059,-49.98));
#3252=CARTESIAN_POINT('Ctrl Pts',(-44.3105343999291,-86.6947989682064,-49.98));
#3253=CARTESIAN_POINT('Ctrl Pts',(-43.6592038466383,-84.8317133980895,-49.98));
#3254=CARTESIAN_POINT('Ctrl Pts',(-42.9432004238921,-82.9399027450081,-49.98));
#3255=CARTESIAN_POINT('Ctrl Pts',(-42.1343433126169,-81.0777314535166,-49.98));
#3256=CARTESIAN_POINT('Ctrl Pts',(-41.2167486579344,-79.2985137305186,-49.98));
#3257=CARTESIAN_POINT('Ctrl Pts',(-40.1920044675059,-77.6459304322054,-49.98));
#3258=CARTESIAN_POINT('Ctrl Pts',(-39.0865439763361,-76.1481442683331,-49.98));
#3259=CARTESIAN_POINT('Ctrl Pts',(-37.9455897952525,-74.8199905398804,-49.98));
#3260=CARTESIAN_POINT('Ctrl Pts',(-36.824309338746,-73.6667851077784,-49.98));
#3261=CARTESIAN_POINT('Ctrl Pts',(-35.7800725172011,-72.6872455336265,-49.98));
#3262=CARTESIAN_POINT('Ctrl Pts',(-34.8645499812604,-71.8764338056413,-49.98));
#3263=CARTESIAN_POINT('Ctrl Pts',(-34.1152106464987,-71.2284881831676,-49.98));
#3264=CARTESIAN_POINT('Ctrl Pts',(-33.6617101387115,-70.836911572082,-49.98));
#3265=CARTESIAN_POINT('Ctrl Pts',(-33.4054929508765,-70.6132891906296,-49.98));
#3266=CARTESIAN_POINT('Ctrl Pts',(-33.2718137404983,-70.495219773931,-49.98));
#3267=CARTESIAN_POINT('Ctrl Pts',(-33.2142576977105,-70.4439380573174,-49.98));
#3268=CARTESIAN_POINT('',(45.9690513993157,-90.9519397847411,-49.98));
#3269=CARTESIAN_POINT('Ctrl Pts',(45.9690513993164,-90.9519397847425,-49.98));
#3270=CARTESIAN_POINT('Ctrl Pts',(46.0227918770752,-91.0648541615154,-49.98));
#3271=CARTESIAN_POINT('Ctrl Pts',(46.2133270009973,-91.4565348905066,-49.98));
#3272=CARTESIAN_POINT('Ctrl Pts',(46.5279193995505,-92.0532236219645,-49.98));
#3273=CARTESIAN_POINT('Ctrl Pts',(46.8585935910903,-92.5950988729621,-49.98));
#3274=CARTESIAN_POINT('Ctrl Pts',(47.2076180942773,-93.0795078191716,-49.98));
#3275=CARTESIAN_POINT('Ctrl Pts',(47.5079246149048,-93.4386775729596,-49.98));
#3276=CARTESIAN_POINT('Ctrl Pts',(47.6483831792551,-93.5950037565056,-49.98));
#3277=CARTESIAN_POINT('',(45.8518366862141,-90.7009831688779,-49.98));
#3278=CARTESIAN_POINT('Origin',(54.97,-86.595,-49.98));
#3279=CARTESIAN_POINT('',(33.2142576977105,-70.4439380573174,-49.98));
#3280=CARTESIAN_POINT('Ctrl Pts',(45.8518366862141,-90.7009831688779,-49.98));
#3281=CARTESIAN_POINT('Ctrl Pts',(45.7945716591364,-90.5760976703964,-49.98));
#3282=CARTESIAN_POINT('Ctrl Pts',(45.6051760467622,-90.1537918156759,-49.98));
#3283=CARTESIAN_POINT('Ctrl Pts',(45.2909829391845,-89.4023425470262,-49.98));
#3284=CARTESIAN_POINT('Ctrl Pts',(44.861040915861,-88.2676372559821,-49.98));
#3285=CARTESIAN_POINT('Ctrl Pts',(44.3105343999291,-86.6947989682064,-49.98));
#3286=CARTESIAN_POINT('Ctrl Pts',(43.6592038466383,-84.8317133980895,-49.98));
#3287=CARTESIAN_POINT('Ctrl Pts',(42.9432004238921,-82.9399027450081,-49.98));
#3288=CARTESIAN_POINT('Ctrl Pts',(42.1343433126169,-81.0777314535166,-49.98));
#3289=CARTESIAN_POINT('Ctrl Pts',(41.2167486579344,-79.2985137305186,-49.98));
#3290=CARTESIAN_POINT('Ctrl Pts',(40.1920044675059,-77.6459304322054,-49.98));
#3291=CARTESIAN_POINT('Ctrl Pts',(39.0865439763361,-76.1481442683331,-49.98));
#3292=CARTESIAN_POINT('Ctrl Pts',(37.9455897952525,-74.8199905398804,-49.98));
#3293=CARTESIAN_POINT('Ctrl Pts',(36.824309338746,-73.6667851077784,-49.98));
#3294=CARTESIAN_POINT('Ctrl Pts',(35.7800725172011,-72.6872455336265,-49.98));
#3295=CARTESIAN_POINT('Ctrl Pts',(34.8645499812604,-71.8764338056413,-49.98));
#3296=CARTESIAN_POINT('Ctrl Pts',(34.1152106464987,-71.2284881831676,-49.98));
#3297=CARTESIAN_POINT('Ctrl Pts',(33.6617101387115,-70.836911572082,-49.98));
#3298=CARTESIAN_POINT('Ctrl Pts',(33.4054929508765,-70.6132891906296,-49.98));
#3299=CARTESIAN_POINT('Ctrl Pts',(33.2718137404983,-70.495219773931,-49.98));
#3300=CARTESIAN_POINT('Ctrl Pts',(33.2142576977105,-70.4439380573174,-49.98));
#3301=CARTESIAN_POINT('',(38.724609362157,-64.9096038075417,-49.98));
#3302=CARTESIAN_POINT('Origin',(35.355,-67.065,-49.98));
#3303=CARTESIAN_POINT('',(59.0363460214323,-77.4590911763536,-49.98));
#3304=CARTESIAN_POINT('Ctrl Pts',(38.724609362157,-64.9096038075417,-49.98));
#3305=CARTESIAN_POINT('Ctrl Pts',(38.7761405500062,-64.9669366009339,-49.98));
#3306=CARTESIAN_POINT('Ctrl Pts',(38.8947893963979,-65.1001017979386,-49.98));
#3307=CARTESIAN_POINT('Ctrl Pts',(39.1195223710142,-65.3553454206675,-49.98));
#3308=CARTESIAN_POINT('Ctrl Pts',(39.5130647549051,-65.8071411101107,-49.98));
#3309=CARTESIAN_POINT('Ctrl Pts',(40.1642585036604,-66.5536594755383,-49.98));
#3310=CARTESIAN_POINT('Ctrl Pts',(40.9790385237424,-67.4656521788908,-49.98));
#3311=CARTESIAN_POINT('Ctrl Pts',(41.9631037802558,-68.5056252014963,-49.98));
#3312=CARTESIAN_POINT('Ctrl Pts',(43.1211678427344,-69.6218869351281,-49.98));
#3313=CARTESIAN_POINT('Ctrl Pts',(44.4542639910073,-70.7570624410228,-49.98));
#3314=CARTESIAN_POINT('Ctrl Pts',(45.9568368328065,-71.85600791069,-49.98));
#3315=CARTESIAN_POINT('Ctrl Pts',(47.6138548139513,-72.8735655866206,-49.98));
#3316=CARTESIAN_POINT('Ctrl Pts',(49.3970406958046,-73.7834247883122,-49.98));
#3317=CARTESIAN_POINT('Ctrl Pts',(51.262707137673,-74.5841872206306,-49.98));
#3318=CARTESIAN_POINT('Ctrl Pts',(53.1576094159313,-75.2919681220049,-49.98));
#3319=CARTESIAN_POINT('Ctrl Pts',(55.0235060202771,-75.9352015113046,-49.98));
#3320=CARTESIAN_POINT('Ctrl Pts',(56.5987202199065,-76.4788723020771,-49.98));
#3321=CARTESIAN_POINT('Ctrl Pts',(57.7352819660394,-76.9038824644161,-49.98));
#3322=CARTESIAN_POINT('Ctrl Pts',(58.4880886286448,-77.2148092096377,-49.98));
#3323=CARTESIAN_POINT('Ctrl Pts',(58.9112130096628,-77.4023690429742,-49.98));
#3324=CARTESIAN_POINT('Ctrl Pts',(59.0363460214323,-77.4590911763536,-49.98));
#3325=CARTESIAN_POINT('',(59.287809311902,-77.5752149279461,-49.98));
#3326=CARTESIAN_POINT('Origin',(54.97,-86.595,-49.98));
#3327=CARTESIAN_POINT('Ctrl Pts',(61.9699976936641,-79.2715964565914,-49.98));
#3328=CARTESIAN_POINT('Ctrl Pts',(61.8080774454466,-79.1256399545874,-49.98));
#3329=CARTESIAN_POINT('Ctrl Pts',(61.4431233127727,-78.8205557258517,-49.98));
#3330=CARTESIAN_POINT('Ctrl Pts',(60.9515208051559,-78.4677191402923,-49.98));
#3331=CARTESIAN_POINT('Ctrl Pts',(60.4007109276924,-78.1340951475522,-49.98));
#3332=CARTESIAN_POINT('Ctrl Pts',(59.7934605011915,-77.8172968666947,-49.98));
#3333=CARTESIAN_POINT('Ctrl Pts',(59.4009560084218,-77.6284645335258,-49.98));
#3334=CARTESIAN_POINT('Ctrl Pts',(59.2878093119033,-77.5752149279467,-49.98));
#3335=CARTESIAN_POINT('',(64.9699976936637,-28.5,-49.98));
#3336=CARTESIAN_POINT('',(32.4849976936637,-28.5,-49.98));
#3337=CARTESIAN_POINT('',(64.9699976936637,-86.5950037565045,-49.98));
#3338=CARTESIAN_POINT('',(64.9699976936637,47.6849962434955,-49.98));
#3339=CARTESIAN_POINT('',(54.9699976936637,-96.5950037565044,-49.98));
#3340=CARTESIAN_POINT('Origin',(54.9699976936637,-86.5950037565045,-49.98));
#3341=CARTESIAN_POINT('',(-54.9700023063363,-96.5950037565045,-49.98));
#3342=CARTESIAN_POINT('',(27.4849976936637,-96.5950037565045,-49.98));
#3343=CARTESIAN_POINT('',(-64.9700023063363,-86.5950037565045,-49.98));
#3344=CARTESIAN_POINT('Origin',(-54.9700023063363,-86.5950037565045,-49.98));
#3345=CARTESIAN_POINT('',(-64.9700023063363,92.4449962434956,-49.98));
#3346=CARTESIAN_POINT('',(-64.9700023063363,-41.8350037565045,-49.98));
#3347=CARTESIAN_POINT('Origin',(-54.9700023063363,92.4449962434956,-49.98));
#3348=CARTESIAN_POINT('',(32.605,72.935,-49.98));
#3349=CARTESIAN_POINT('Origin',(35.355,72.935,-49.98));
#3350=CARTESIAN_POINT('',(-38.105,72.935,-49.98));
#3351=CARTESIAN_POINT('Origin',(-35.355,72.935,-49.98));
#3352=CARTESIAN_POINT('',(32.605,-67.065,-49.98));
#3353=CARTESIAN_POINT('Origin',(35.355,-67.065,-49.98));
#3354=CARTESIAN_POINT('',(-38.105,-67.065,-49.98));
#3355=CARTESIAN_POINT('Origin',(-35.355,-67.065,-49.98));
#3356=CARTESIAN_POINT('Origin',(64.9699976936637,-28.5,-50.98));
#3357=CARTESIAN_POINT('',(54.9699976936637,-28.5,1.02));
#3358=CARTESIAN_POINT('',(54.9699976936637,-28.5,-22.98));
#3359=CARTESIAN_POINT('',(64.9699976936637,-28.5,1.02));
#3360=CARTESIAN_POINT('',(64.9699976936637,-28.5,1.02));
#3361=CARTESIAN_POINT('',(64.9699976936637,-28.5,-22.98));
#3362=CARTESIAN_POINT('Origin',(64.9699976936637,34.5,1.02));
#3363=CARTESIAN_POINT('',(64.9699976936637,34.5,1.02));
#3364=CARTESIAN_POINT('',(64.9699976936637,34.5,3.02));
#3365=CARTESIAN_POINT('',(54.9699976936637,34.5,1.02));
#3366=CARTESIAN_POINT('',(64.9699976936637,34.5,1.02));
#3367=CARTESIAN_POINT('',(54.9699976936637,34.5,3.02));
#3368=CARTESIAN_POINT('',(61.9699976936637,34.5,3.02));
#3369=CARTESIAN_POINT('Origin',(54.9699976936637,92.4449962434956,5.02));
#3370=CARTESIAN_POINT('',(54.9699976936637,102.444996243496,5.02));
#3371=CARTESIAN_POINT('',(54.9699976936637,102.444996243496,5.02));
#3372=CARTESIAN_POINT('',(64.9699976936637,92.4449962434956,5.02));
#3373=CARTESIAN_POINT('Origin',(54.9699976936637,92.4449962434956,5.02));
#3374=CARTESIAN_POINT('',(64.9699976936637,92.4449962434956,5.02));
#3375=CARTESIAN_POINT('Ctrl Pts',(-64.9700023063363,86.4316223705349,-49.98));
#3376=CARTESIAN_POINT('Ctrl Pts',(-64.9700023063363,86.4316223705349,4.668));
#3377=CARTESIAN_POINT('Ctrl Pts',(-63.9700023063363,85.9023399055692,-49.98));
#3378=CARTESIAN_POINT('Ctrl Pts',(-63.9700023063363,85.9023399055692,4.668));
#3379=CARTESIAN_POINT('Ctrl Pts',(-62.9700023063363,85.3730574406036,-49.98));
#3380=CARTESIAN_POINT('Ctrl Pts',(-62.9700023063363,85.3730574406036,4.668));
#3381=CARTESIAN_POINT('Ctrl Pts',(-61.9700023063363,84.8437749756379,-49.98));
#3382=CARTESIAN_POINT('Ctrl Pts',(-61.9700023063363,84.8437749756379,4.668));
#3383=CARTESIAN_POINT('Ctrl Pts',(-60.9700023063363,84.3144925106722,-49.98));
#3384=CARTESIAN_POINT('Ctrl Pts',(-60.9700023063363,84.3144925106722,4.668));
#3385=CARTESIAN_POINT('Ctrl Pts',(-59.9700023063363,83.7852100457065,-49.98));
#3386=CARTESIAN_POINT('Ctrl Pts',(-59.9700023063363,83.7852100457065,4.668));
#3387=CARTESIAN_POINT('Ctrl Pts',(-59.9436764246368,83.7712762181482,-49.98));
#3388=CARTESIAN_POINT('Ctrl Pts',(-59.9436764246368,83.7712762181482,4.668));
#3389=CARTESIAN_POINT('Ctrl Pts',(-59.6519320952324,83.6178236466795,-49.98));
#3390=CARTESIAN_POINT('Ctrl Pts',(-59.6519320952324,83.6178236466795,4.668));
#3391=CARTESIAN_POINT('Ctrl Pts',(-59.0702181807743,83.3319536366484,-49.98));
#3392=CARTESIAN_POINT('Ctrl Pts',(-59.0702181807743,83.3319536366484,4.668));
#3393=CARTESIAN_POINT('Ctrl Pts',(-58.1444208729203,82.9280230354987,-49.98));
#3394=CARTESIAN_POINT('Ctrl Pts',(-58.1444208729203,82.9280230354987,4.668));
#3395=CARTESIAN_POINT('Ctrl Pts',(-56.8019556155132,82.4190171421931,-49.98));
#3396=CARTESIAN_POINT('Ctrl Pts',(-56.8019556155132,82.4190171421931,4.668));
#3397=CARTESIAN_POINT('Ctrl Pts',(-55.0235060202771,81.8052015112546,-49.98));
#3398=CARTESIAN_POINT('Ctrl Pts',(-55.0235060202771,81.8052015112546,4.668));
#3399=CARTESIAN_POINT('Ctrl Pts',(-53.1576094159313,81.1619681219564,-49.98));
#3400=CARTESIAN_POINT('Ctrl Pts',(-53.1576094159313,81.1619681219564,4.668));
#3401=CARTESIAN_POINT('Ctrl Pts',(-51.262707137673,80.4541872205936,-49.98));
#3402=CARTESIAN_POINT('Ctrl Pts',(-51.262707137673,80.4541872205936,4.668));
#3403=CARTESIAN_POINT('Ctrl Pts',(-49.3970406958046,79.6534247882923,-49.98));
#3404=CARTESIAN_POINT('Ctrl Pts',(-49.3970406958046,79.6534247882923,4.668));
#3405=CARTESIAN_POINT('Ctrl Pts',(-47.6138548139513,78.7435655866185,-49.98));
#3406=CARTESIAN_POINT('Ctrl Pts',(-47.6138548139513,78.7435655866185,4.668));
#3407=CARTESIAN_POINT('Ctrl Pts',(-45.9568368328065,77.7260079107021,-49.98));
#3408=CARTESIAN_POINT('Ctrl Pts',(-45.9568368328065,77.7260079107021,4.668));
#3409=CARTESIAN_POINT('Ctrl Pts',(-44.4542639910073,76.6270624410428,-49.98));
#3410=CARTESIAN_POINT('Ctrl Pts',(-44.4542639910073,76.6270624410428,4.668));
#3411=CARTESIAN_POINT('Ctrl Pts',(-43.1211678427344,75.4918869351493,-49.98));
#3412=CARTESIAN_POINT('Ctrl Pts',(-43.1211678427344,75.4918869351493,4.668));
#3413=CARTESIAN_POINT('Ctrl Pts',(-41.9631037802558,74.3756252015127,-49.98));
#3414=CARTESIAN_POINT('Ctrl Pts',(-41.9631037802558,74.3756252015127,4.668));
#3415=CARTESIAN_POINT('Ctrl Pts',(-40.9790385237424,73.3356521788988,-49.98));
#3416=CARTESIAN_POINT('Ctrl Pts',(-40.9790385237424,73.3356521788988,4.668));
#3417=CARTESIAN_POINT('Ctrl Pts',(-40.1642585036604,72.4236594755368,-49.98));
#3418=CARTESIAN_POINT('Ctrl Pts',(-40.1642585036604,72.4236594755368,4.668));
#3419=CARTESIAN_POINT('Ctrl Pts',(-39.5130647549051,71.677141110102,-49.98));
#3420=CARTESIAN_POINT('Ctrl Pts',(-39.5130647549051,71.677141110102,4.668));
#3421=CARTESIAN_POINT('Ctrl Pts',(-39.1195223710142,71.2253454206579,-49.98));
#3422=CARTESIAN_POINT('Ctrl Pts',(-39.1195223710142,71.2253454206579,4.668));
#3423=CARTESIAN_POINT('Ctrl Pts',(-38.8947893963979,70.9701017979322,-49.98));
#3424=CARTESIAN_POINT('Ctrl Pts',(-38.8947893963979,70.9701017979322,4.668));
#3425=CARTESIAN_POINT('Ctrl Pts',(-38.7761405500062,70.8369366009314,-49.98));
#3426=CARTESIAN_POINT('Ctrl Pts',(-38.7761405500062,70.8369366009314,4.668));
#3427=CARTESIAN_POINT('Ctrl Pts',(-38.724609362157,70.7796038075417,-49.98));
#3428=CARTESIAN_POINT('Ctrl Pts',(-38.724609362157,70.7796038075417,4.668));
#3429=CARTESIAN_POINT('',(-38.724609362157,70.7796038075417,-4.44));
#3430=CARTESIAN_POINT('',(-38.724609362157,70.7796038075417,-49.98));
#3431=CARTESIAN_POINT('Ctrl Pts',(-38.724609362157,70.7796038075417,-4.44));
#3432=CARTESIAN_POINT('Ctrl Pts',(-38.7766285074283,70.837479494725,-4.44));
#3433=CARTESIAN_POINT('Ctrl Pts',(-38.8381739824869,70.9066650346748,-4.44));
#3434=CARTESIAN_POINT('Ctrl Pts',(-38.9092669436389,70.9871712400395,-4.44));
#3435=CARTESIAN_POINT('Ctrl Pts',(-38.9660991264536,71.0515284324656,-4.44));
#3436=CARTESIAN_POINT('Ctrl Pts',(-39.029033465682,71.1231225150353,-4.43999999999999));
#3437=CARTESIAN_POINT('Ctrl Pts',(-39.0980998443425,71.2019393509509,-4.43999999999999));
#3438=CARTESIAN_POINT('Ctrl Pts',(-39.1650078986699,71.2782931607441,-4.43999999999999));
#3439=CARTESIAN_POINT('Ctrl Pts',(-39.2376708630274,71.3614270185432,-4.44));
#3440=CARTESIAN_POINT('Ctrl Pts',(-39.3161305846791,71.4512805929515,-4.44));
#3441=CARTESIAN_POINT('Ctrl Pts',(-39.384985347901,71.5301343851938,-4.44));
#3442=CARTESIAN_POINT('Ctrl Pts',(-39.4583047174198,71.6141634185542,-4.44));
#3443=CARTESIAN_POINT('Ctrl Pts',(-39.5361255520116,71.7032806224639,-4.44));
#3444=CARTESIAN_POINT('Ctrl Pts',(-39.6091184880466,71.7868691164541,-4.44));
#3445=CARTESIAN_POINT('Ctrl Pts',(-39.6860717752956,71.8749343454844,-4.44));
#3446=CARTESIAN_POINT('Ctrl Pts',(-39.7670218216544,71.9673581475437,-4.44));
#3447=CARTESIAN_POINT('Ctrl Pts',(-39.84374983039,72.0549614857847,-4.44));
#3448=CARTESIAN_POINT('Ctrl Pts',(-39.9240686155662,72.1464808717924,-4.44));
#3449=CARTESIAN_POINT('Ctrl Pts',(-40.0080137608029,72.2417683478596,-4.44));
#3450=CARTESIAN_POINT('Ctrl Pts',(-40.0887098745361,72.3333677963371,-4.44));
#3451=CARTESIAN_POINT('Ctrl Pts',(-40.1727571060565,72.4284495349969,-4.44));
#3452=CARTESIAN_POINT('Ctrl Pts',(-40.2601907812799,72.5268334744226,-4.44));
#3453=CARTESIAN_POINT('Ctrl Pts',(-40.3489087810287,72.626662588216,-4.44));
#3454=CARTESIAN_POINT('Ctrl Pts',(-40.4411135497945,72.7298915708234,-4.44));
#3455=CARTESIAN_POINT('Ctrl Pts',(-40.5368450781093,72.8362777554348,-4.44));
#3456=CARTESIAN_POINT('Ctrl Pts',(-40.6359203337793,72.9463798150769,-4.44));
#3457=CARTESIAN_POINT('Ctrl Pts',(-40.7387731838302,73.0598632822728,-4.44));
#3458=CARTESIAN_POINT('Ctrl Pts',(-40.8454490252303,73.1764037691451,-4.44));
#3459=CARTESIAN_POINT('Ctrl Pts',(-40.9598590718147,73.3013936671108,-4.44));
#3460=CARTESIAN_POINT('Ctrl Pts',(-41.0786668110926,73.4298999348375,-4.44));
#3461=CARTESIAN_POINT('Ctrl Pts',(-41.2019261234319,73.5614607660898,-4.44));
#3462=CARTESIAN_POINT('Ctrl Pts',(-41.333798657393,73.7022149197356,-4.44));
#3463=CARTESIAN_POINT('Ctrl Pts',(-41.4707670994023,73.8464649953075,-4.44));
#3464=CARTESIAN_POINT('Ctrl Pts',(-41.6128894140667,73.9935806811127,-4.44));
#3465=CARTESIAN_POINT('Ctrl Pts',(-41.767456128444,74.1535779921753,-4.44));
#3466=CARTESIAN_POINT('Ctrl Pts',(-41.9281196005422,74.3169638297916,-4.44));
#3467=CARTESIAN_POINT('Ctrl Pts',(-42.0949349653872,74.4828636853994,-4.44));
#3468=CARTESIAN_POINT('Ctrl Pts',(-42.2721575207587,74.6591136152179,-4.44));
#3469=CARTESIAN_POINT('Ctrl Pts',(-42.4563246915315,74.838199175215,-4.44));
#3470=CARTESIAN_POINT('Ctrl Pts',(-42.6474658081036,75.0190253316349,-4.44));
#3471=CARTESIAN_POINT('Ctrl Pts',(-42.8305123303285,75.1921937197534,-4.44));
#3472=CARTESIAN_POINT('Ctrl Pts',(-43.0199550890397,75.3669561965579,-4.44));
#3473=CARTESIAN_POINT('Ctrl Pts',(-43.2157759400347,75.542341082307,-4.44));
#3474=CARTESIAN_POINT('Ctrl Pts',(-43.3955335090106,75.703339058453,-4.44));
#3475=CARTESIAN_POINT('Ctrl Pts',(-43.5806656406042,75.864860270712,-4.44));
#3476=CARTESIAN_POINT('Ctrl Pts',(-43.771118375491,76.0261677376109,-4.44));
#3477=CARTESIAN_POINT('Ctrl Pts',(-43.9486395937626,76.1765226172993,-4.44));
#3478=CARTESIAN_POINT('Ctrl Pts',(-44.1307833599853,76.3266911101273,-4.44));
#3479=CARTESIAN_POINT('Ctrl Pts',(-44.317470466814,76.4761024650226,-4.44));
#3480=CARTESIAN_POINT('Ctrl Pts',(-44.4935454941899,76.6170206508059,-4.44));
#3481=CARTESIAN_POINT('Ctrl Pts',(-44.6736619796229,76.7572649008267,-4.44));
#3482=CARTESIAN_POINT('Ctrl Pts',(-44.8577213974262,76.8963879456418,-4.44));
#3483=CARTESIAN_POINT('Ctrl Pts',(-45.0327984353422,77.0287215740038,-4.44));
#3484=CARTESIAN_POINT('Ctrl Pts',(-45.2114429708912,77.1600404170896,-4.44));
#3485=CARTESIAN_POINT('Ctrl Pts',(-45.3935403270795,77.289994485381,-4.44));
#3486=CARTESIAN_POINT('Ctrl Pts',(-45.5684890808452,77.4148469421671,-4.44));
#3487=CARTESIAN_POINT('Ctrl Pts',(-45.7466249067594,77.5384394115957,-4.44));
#3488=CARTESIAN_POINT('Ctrl Pts',(-45.9278174655068,77.660498936954,-4.44));
#3489=CARTESIAN_POINT('Ctrl Pts',(-46.1041589276443,77.7792905436197,-4.44));
#3490=CARTESIAN_POINT('Ctrl Pts',(-46.2833956688862,77.8966299772538,-4.44));
#3491=CARTESIAN_POINT('Ctrl Pts',(-46.4653792784699,78.0123054560169,-4.44));
#3492=CARTESIAN_POINT('Ctrl Pts',(-46.6437416351397,78.1256791331754,-4.44));
#3493=CARTESIAN_POINT('Ctrl Pts',(-46.8247426323779,78.2374542854793,-4.44));
#3494=CARTESIAN_POINT('Ctrl Pts',(-47.0082148536439,78.3474726619092,-4.44));
#3495=CARTESIAN_POINT('Ctrl Pts',(-47.1884346177904,78.4555407155642,-4.44));
#3496=CARTESIAN_POINT('Ctrl Pts',(-47.3710387734783,78.5619136055288,-4.44));
#3497=CARTESIAN_POINT('Ctrl Pts',(-47.5558415749865,78.666483319858,-4.44));
#3498=CARTESIAN_POINT('Ctrl Pts',(-47.7417509581475,78.7716791877216,-4.44));
#3499=CARTESIAN_POINT('Ctrl Pts',(-47.9298854115461,78.8750500990136,-4.44));
#3500=CARTESIAN_POINT('Ctrl Pts',(-48.1200275124657,78.9765315990167,-4.44));
#3501=CARTESIAN_POINT('Ctrl Pts',(-48.3155920711457,79.0809071406055,-4.44));
#3502=CARTESIAN_POINT('Ctrl Pts',(-48.5132802862446,79.1832840843987,-4.44));
#3503=CARTESIAN_POINT('Ctrl Pts',(-48.7128269362857,79.2836398242406,-4.44));
#3504=CARTESIAN_POINT('Ctrl Pts',(-48.9190055042638,79.3873308795638,-4.44));
#3505=CARTESIAN_POINT('Ctrl Pts',(-49.1271679303352,79.4888642820823,-4.44));
#3506=CARTESIAN_POINT('Ctrl Pts',(-49.33699371298,79.5882632631449,-4.44));
#3507=CARTESIAN_POINT('Ctrl Pts',(-49.5540297408709,79.6910778922831,-4.44));
#3508=CARTESIAN_POINT('Ctrl Pts',(-49.7728452160062,79.7916090342315,-4.44));
#3509=CARTESIAN_POINT('Ctrl Pts',(-49.9930588388089,79.889930777502,-4.44));
#3510=CARTESIAN_POINT('Ctrl Pts',(-50.2249123375079,79.9934495329963,-4.44));
#3511=CARTESIAN_POINT('Ctrl Pts',(-50.4583155585176,80.0945191239801,-4.44));
#3512=CARTESIAN_POINT('Ctrl Pts',(-50.6927968089658,80.193278236011,-4.44));
#3513=CARTESIAN_POINT('Ctrl Pts',(-50.9372383345089,80.2962324294058,-4.44));
#3514=CARTESIAN_POINT('Ctrl Pts',(-51.1828511402545,80.3966758284474,-4.44));
#3515=CARTESIAN_POINT('Ctrl Pts',(-51.4290758855132,80.4948198776188,-4.44));
#3516=CARTESIAN_POINT('Ctrl Pts',(-51.6888630500584,80.5983698446395,-4.44));
#3517=CARTESIAN_POINT('Ctrl Pts',(-51.9493310154447,80.6993603859966,-4.44));
#3518=CARTESIAN_POINT('Ctrl Pts',(-52.2098009013969,80.7980966490952,-4.44));
#3519=CARTESIAN_POINT('Ctrl Pts',(-52.4889946904833,80.9039305780883,-4.44));
#3520=CARTESIAN_POINT('Ctrl Pts',(-52.7681900280965,81.0071747976662,-4.44));
#3521=CARTESIAN_POINT('Ctrl Pts',(-53.0465347261719,81.1082647743533,-4.44));
#3522=CARTESIAN_POINT('Ctrl Pts',(-53.3500955623477,81.2185128159518,-4.44));
#3523=CARTESIAN_POINT('Ctrl Pts',(-53.6526434262627,81.3261992224888,-4.44));
#3524=CARTESIAN_POINT('Ctrl Pts',(-53.9530693661511,81.4319503589952,-4.44));
#3525=CARTESIAN_POINT('Ctrl Pts',(-54.2696463050646,81.5433867119755,-4.44));
#3526=CARTESIAN_POINT('Ctrl Pts',(-54.5838650771845,81.6526756618958,-4.44));
#3527=CARTESIAN_POINT('Ctrl Pts',(-54.8944498640354,81.7605980577673,-4.44));
#3528=CARTESIAN_POINT('Ctrl Pts',(-55.1819811060177,81.8605097786126,-4.44));
#3529=CARTESIAN_POINT('Ctrl Pts',(-55.4663969081324,81.959252041318,-4.44));
#3530=CARTESIAN_POINT('Ctrl Pts',(-55.7467229985978,82.0574589435043,-4.44));
#3531=CARTESIAN_POINT('Ctrl Pts',(-56.0068500820203,82.148589508609,-4.44));
#3532=CARTESIAN_POINT('Ctrl Pts',(-56.2634552381745,82.2392600260983,-4.44));
#3533=CARTESIAN_POINT('Ctrl Pts',(-56.5158020035114,82.3299725228571,-4.44));
#3534=CARTESIAN_POINT('Ctrl Pts',(-56.7517258060957,82.414781365755,-4.44));
#3535=CARTESIAN_POINT('Ctrl Pts',(-56.9839272750814,82.4996274697517,-4.44));
#3536=CARTESIAN_POINT('Ctrl Pts',(-57.211846207699,82.584906829764,-4.44));
#3537=CARTESIAN_POINT('Ctrl Pts',(-57.4261370805147,82.6650870424402,-4.44));
#3538=CARTESIAN_POINT('Ctrl Pts',(-57.6366420095445,82.745650702581,-4.44));
#3539=CARTESIAN_POINT('Ctrl Pts',(-57.8429366527287,82.8269066842913,-4.44));
#3540=CARTESIAN_POINT('Ctrl Pts',(-58.0370134648032,82.9033502683268,-4.44));
#3541=CARTESIAN_POINT('Ctrl Pts',(-58.2273638543796,82.9804068468521,-4.44));
#3542=CARTESIAN_POINT('Ctrl Pts',(-58.4136742273071,83.0583103317586,-4.44));
#3543=CARTESIAN_POINT('Ctrl Pts',(-58.5987229831204,83.1356862863495,-4.44));
#3544=CARTESIAN_POINT('Ctrl Pts',(-58.7797861233084,83.2138979042217,-4.44));
#3545=CARTESIAN_POINT('Ctrl Pts',(-58.9565994960472,83.2931466587686,-4.44));
#3546=CARTESIAN_POINT('Ctrl Pts',(-59.1343851593122,83.3728311994332,-4.44));
#3547=CARTESIAN_POINT('Ctrl Pts',(-59.3078741915454,83.4535643760379,-4.43999999999999));
#3548=CARTESIAN_POINT('Ctrl Pts',(-59.4768421791525,83.535521502589,-4.43999999999999));
#3549=CARTESIAN_POINT('Ctrl Pts',(-59.6458101667597,83.6174786291401,-4.43999999999999));
#3550=CARTESIAN_POINT('Ctrl Pts',(-59.8102571560167,83.7006597387791,-4.44));
#3551=CARTESIAN_POINT('Ctrl Pts',(-59.9700023063363,83.7852100457065,-4.44));
#3552=CARTESIAN_POINT('Ctrl Pts',(-60.636668973003,84.1380650223503,-4.44));
#3553=CARTESIAN_POINT('Ctrl Pts',(-61.3033356396696,84.4909199989941,-4.44));
#3554=CARTESIAN_POINT('Ctrl Pts',(-61.9700023063363,84.8437749756379,-4.44));
#3555=CARTESIAN_POINT('Ctrl Pts',(-33.2142576977105,76.3139380573174,-49.98));
#3556=CARTESIAN_POINT('Ctrl Pts',(-33.2142576977105,76.3139380573174,4.66800000000001));
#3557=CARTESIAN_POINT('Ctrl Pts',(-33.2718137404987,76.3652197739221,-49.98));
#3558=CARTESIAN_POINT('Ctrl Pts',(-33.2718137404987,76.3652197739221,4.66800000000001));
#3559=CARTESIAN_POINT('Ctrl Pts',(-33.4054929508776,76.4832891906065,-49.98));
#3560=CARTESIAN_POINT('Ctrl Pts',(-33.4054929508776,76.4832891906065,4.66800000000001));
#3561=CARTESIAN_POINT('Ctrl Pts',(-33.6617101387132,76.7069115720487,-49.98));
#3562=CARTESIAN_POINT('Ctrl Pts',(-33.6617101387132,76.7069115720487,4.66800000000001));
#3563=CARTESIAN_POINT('Ctrl Pts',(-34.1152106465004,77.0984881831404,-49.98));
#3564=CARTESIAN_POINT('Ctrl Pts',(-34.1152106465004,77.0984881831404,4.66800000000001));
#3565=CARTESIAN_POINT('Ctrl Pts',(-34.8645499812608,77.7464338056386,-49.98));
#3566=CARTESIAN_POINT('Ctrl Pts',(-34.8645499812608,77.7464338056386,4.66800000000001));
#3567=CARTESIAN_POINT('Ctrl Pts',(-35.7800725171994,78.5572455336483,-49.98));
#3568=CARTESIAN_POINT('Ctrl Pts',(-35.7800725171994,78.5572455336483,4.66800000000001));
#3569=CARTESIAN_POINT('Ctrl Pts',(-36.8243093387426,79.536785107816,-49.98));
#3570=CARTESIAN_POINT('Ctrl Pts',(-36.8243093387426,79.536785107816,4.66800000000001));
#3571=CARTESIAN_POINT('Ctrl Pts',(-37.9455897952485,80.689990539922,-49.98));
#3572=CARTESIAN_POINT('Ctrl Pts',(-37.9455897952485,80.689990539922,4.66800000000001));
#3573=CARTESIAN_POINT('Ctrl Pts',(-39.0865439763327,82.0181442683669,-49.98));
#3574=CARTESIAN_POINT('Ctrl Pts',(-39.0865439763327,82.0181442683669,4.66800000000001));
#3575=CARTESIAN_POINT('Ctrl Pts',(-40.1920044675041,83.5159304322227,-49.98));
#3576=CARTESIAN_POINT('Ctrl Pts',(-40.1920044675041,83.5159304322227,4.66800000000001));
#3577=CARTESIAN_POINT('Ctrl Pts',(-41.2167486579348,85.1685137305145,-49.98));
#3578=CARTESIAN_POINT('Ctrl Pts',(-41.2167486579348,85.1685137305145,4.66800000000001));
#3579=CARTESIAN_POINT('Ctrl Pts',(-42.1343433126194,86.9477314534911,-49.98));
#3580=CARTESIAN_POINT('Ctrl Pts',(-42.1343433126194,86.9477314534911,4.66800000000001));
#3581=CARTESIAN_POINT('Ctrl Pts',(-42.9432004238962,88.8099027449652,-49.98));
#3582=CARTESIAN_POINT('Ctrl Pts',(-42.9432004238962,88.8099027449652,4.66800000000001));
#3583=CARTESIAN_POINT('Ctrl Pts',(-43.6592038466431,90.7017133980373,-49.98));
#3584=CARTESIAN_POINT('Ctrl Pts',(-43.6592038466431,90.7017133980373,4.66800000000001));
#3585=CARTESIAN_POINT('Ctrl Pts',(-44.3105343999334,92.5647989681557,-49.98));
#3586=CARTESIAN_POINT('Ctrl Pts',(-44.3105343999334,92.5647989681557,4.66800000000001));
#3587=CARTESIAN_POINT('Ctrl Pts',(-44.9320677067322,94.3405661094685,-49.98));
#3588=CARTESIAN_POINT('Ctrl Pts',(-44.9320677067322,94.3405661094685,4.66800000000001));
#3589=CARTESIAN_POINT('Ctrl Pts',(-45.4414257057661,95.6665600990937,-49.98));
#3590=CARTESIAN_POINT('Ctrl Pts',(-45.4414257057661,95.6665600990937,4.66800000000001));
#3591=CARTESIAN_POINT('Ctrl Pts',(-45.8433778261822,96.5788396952172,-49.98));
#3592=CARTESIAN_POINT('Ctrl Pts',(-45.8433778261822,96.5788396952172,4.66800000000001));
#3593=CARTESIAN_POINT('Ctrl Pts',(-46.1252963433552,97.1491036262528,-49.98));
#3594=CARTESIAN_POINT('Ctrl Pts',(-46.1252963433552,97.1491036262528,4.66800000000001));
#3595=CARTESIAN_POINT('Ctrl Pts',(-46.2734638536939,97.4301165584472,-49.98));
#3596=CARTESIAN_POINT('Ctrl Pts',(-46.2734638536939,97.4301165584472,4.66800000000001));
#3597=CARTESIAN_POINT('Ctrl Pts',(-46.281336568956,97.4449962434956,-49.98));
#3598=CARTESIAN_POINT('Ctrl Pts',(-46.281336568956,97.4449962434956,4.66800000000001));
#3599=CARTESIAN_POINT('Ctrl Pts',(-46.8104280945155,98.4449962434956,-49.98));
#3600=CARTESIAN_POINT('Ctrl Pts',(-46.8104280945155,98.4449962434956,4.66800000000001));
#3601=CARTESIAN_POINT('Ctrl Pts',(-47.3395196200751,99.4449962434956,-49.98));
#3602=CARTESIAN_POINT('Ctrl Pts',(-47.3395196200751,99.4449962434956,4.66800000000001));
#3603=CARTESIAN_POINT('Ctrl Pts',(-47.8686111456346,100.444996243496,-49.98));
#3604=CARTESIAN_POINT('Ctrl Pts',(-47.8686111456346,100.444996243496,4.66800000000001));
#3605=CARTESIAN_POINT('Ctrl Pts',(-48.3977026711941,101.444996243496,-49.98));
#3606=CARTESIAN_POINT('Ctrl Pts',(-48.3977026711941,101.444996243496,4.66800000000001));
#3607=CARTESIAN_POINT('Ctrl Pts',(-48.9267941967536,102.444996243496,-49.98));
#3608=CARTESIAN_POINT('Ctrl Pts',(-48.9267941967536,102.444996243496,4.66800000000001));
#3609=CARTESIAN_POINT('',(-33.2142576977105,76.3139380573174,-4.44));
#3610=CARTESIAN_POINT('Ctrl Pts',(-47.3395196200751,99.4449962434956,-4.44));
#3611=CARTESIAN_POINT('Ctrl Pts',(-46.9867919363687,98.7783295768289,-4.44));
#3612=CARTESIAN_POINT('Ctrl Pts',(-46.6340642526624,98.1116629101623,-4.44));
#3613=CARTESIAN_POINT('Ctrl Pts',(-46.281336568956,97.4449962434956,-4.44));
#3614=CARTESIAN_POINT('Ctrl Pts',(-46.1967297022157,97.2850865442222,-4.44));
#3615=CARTESIAN_POINT('Ctrl Pts',(-46.1134459573337,97.1205233329842,-4.44));
#3616=CARTESIAN_POINT('Ctrl Pts',(-46.0313389846343,96.9514911425468,-4.44));
#3617=CARTESIAN_POINT('Ctrl Pts',(-45.9493319903657,96.7826647759584,-4.44));
#3618=CARTESIAN_POINT('Ctrl Pts',(-45.8684988641058,96.6093802724441,-4.44));
#3619=CARTESIAN_POINT('Ctrl Pts',(-45.7886645012135,96.431864448409,-4.44));
#3620=CARTESIAN_POINT('Ctrl Pts',(-45.7088141345601,96.2543130391858,-4.44));
#3621=CARTESIAN_POINT('Ctrl Pts',(-45.6299628983854,96.072528568445,-4.44));
#3622=CARTESIAN_POINT('Ctrl Pts',(-45.5519068053115,95.8867815950848,-4.44));
#3623=CARTESIAN_POINT('Ctrl Pts',(-45.471348725586,95.6950807438191,-4.44));
#3624=CARTESIAN_POINT('Ctrl Pts',(-45.3916374283369,95.4991593227501,-4.44));
#3625=CARTESIAN_POINT('Ctrl Pts',(-45.3125184433818,95.2993625817373,-4.44));
#3626=CARTESIAN_POINT('Ctrl Pts',(-45.2289205404453,95.0882553668041,-4.44));
#3627=CARTESIAN_POINT('Ctrl Pts',(-45.1459835485043,94.8728218225236,-4.44));
#3628=CARTESIAN_POINT('Ctrl Pts',(-45.0633784429977,94.6535198405675,-4.44));
#3629=CARTESIAN_POINT('Ctrl Pts',(-44.970222970958,94.4062084967576,-4.44));
#3630=CARTESIAN_POINT('Ctrl Pts',(-44.8774891262402,94.1539772657148,-4.44));
#3631=CARTESIAN_POINT('Ctrl Pts',(-44.784675435209,93.8975464534869,-4.44));
#3632=CARTESIAN_POINT('Ctrl Pts',(-44.6856596231942,93.6239800774895,-4.44));
#3633=CARTESIAN_POINT('Ctrl Pts',(-44.5865519480584,93.3456345075318,-4.44));
#3634=CARTESIAN_POINT('Ctrl Pts',(-44.4867239581854,93.0634499598499,-4.44));
#3635=CARTESIAN_POINT('Ctrl Pts',(-44.3787902705385,92.758352973854,-4.44));
#3636=CARTESIAN_POINT('Ctrl Pts',(-44.2700128390936,92.4487690044249,-4.44));
#3637=CARTESIAN_POINT('Ctrl Pts',(-44.1595966040403,92.1359521452087,-4.44));
#3638=CARTESIAN_POINT('Ctrl Pts',(-44.0514120585871,91.8294578175579,-4.44));
#3639=CARTESIAN_POINT('Ctrl Pts',(-43.9416524230639,91.5198618883715,-4.44));
#3640=CARTESIAN_POINT('Ctrl Pts',(-43.8295963750518,91.2083827446385,-4.44));
#3641=CARTESIAN_POINT('Ctrl Pts',(-43.7281453747455,90.9263821630825,-4.44));
#3642=CARTESIAN_POINT('Ctrl Pts',(-43.6248113737625,90.6428393554286,-4.44));
#3643=CARTESIAN_POINT('Ctrl Pts',(-43.5190973882101,90.3586675052544,-4.44));
#3644=CARTESIAN_POINT('Ctrl Pts',(-43.4216665558567,90.0967617626114,-4.44));
#3645=CARTESIAN_POINT('Ctrl Pts',(-43.3222137661561,89.834322396591,-4.44));
#3646=CARTESIAN_POINT('Ctrl Pts',(-43.2203907260997,89.5720587671656,-4.44));
#3647=CARTESIAN_POINT('Ctrl Pts',(-43.1245090397518,89.3250981672552,-4.44));
#3648=CARTESIAN_POINT('Ctrl Pts',(-43.0265254195513,89.0782938210126,-4.44));
#3649=CARTESIAN_POINT('Ctrl Pts',(-42.9261905650199,88.8322252552856,-4.44));
#3650=CARTESIAN_POINT('Ctrl Pts',(-42.8302740621355,88.5969925796166,-4.44));
#3651=CARTESIAN_POINT('Ctrl Pts',(-42.7322086768627,88.362432604338,-4.44));
#3652=CARTESIAN_POINT('Ctrl Pts',(-42.6318185770034,88.1290345098291,-4.44));
#3653=CARTESIAN_POINT('Ctrl Pts',(-42.5350241410019,87.9039960154609,-4.44));
#3654=CARTESIAN_POINT('Ctrl Pts',(-42.4360684113746,87.6800378801209,-4.44));
#3655=CARTESIAN_POINT('Ctrl Pts',(-42.3348357596571,87.4575786875282,-4.44));
#3656=CARTESIAN_POINT('Ctrl Pts',(-42.2369686906562,87.2425153775983,-4.44));
#3657=CARTESIAN_POINT('Ctrl Pts',(-42.1369734936616,87.028853162257,-4.44));
#3658=CARTESIAN_POINT('Ctrl Pts',(-42.0347871741234,86.8169485901219,-4.44));
#3659=CARTESIAN_POINT('Ctrl Pts',(-41.936106737143,86.612314194139,-4.44));
#3660=CARTESIAN_POINT('Ctrl Pts',(-41.8353828278522,86.409319064027,-4.44));
#3661=CARTESIAN_POINT('Ctrl Pts',(-41.7325993905956,86.2082615373686,-4.44));
#3662=CARTESIAN_POINT('Ctrl Pts',(-41.6329102878903,86.013256924177,-4.44));
#3663=CARTESIAN_POINT('Ctrl Pts',(-41.5312836765595,85.8200751458158,-4.44));
#3664=CARTESIAN_POINT('Ctrl Pts',(-41.4277456998666,85.628964392447,-4.44));
#3665=CARTESIAN_POINT('Ctrl Pts',(-41.3258686525692,85.440919388267,-4.44));
#3666=CARTESIAN_POINT('Ctrl Pts',(-41.2221408898253,85.2548796631301,-4.44));
#3667=CARTESIAN_POINT('Ctrl Pts',(-41.1166297686815,85.0710557282566,-4.44));
#3668=CARTESIAN_POINT('Ctrl Pts',(-41.009772986008,84.8848873504967,-4.44));
#3669=CARTESIAN_POINT('Ctrl Pts',(-40.9010870911283,84.7009916901615,-4.44));
#3670=CARTESIAN_POINT('Ctrl Pts',(-40.7906882164843,84.5195583362707,-4.44));
#3671=CARTESIAN_POINT('Ctrl Pts',(-40.6781638053194,84.3346318016653,-4.44));
#3672=CARTESIAN_POINT('Ctrl Pts',(-40.5638599460019,84.1522632972592,-4.44));
#3673=CARTESIAN_POINT('Ctrl Pts',(-40.4479457119141,83.9726234509421,-4.44));
#3674=CARTESIAN_POINT('Ctrl Pts',(-40.3293860968133,83.7888838851869,-4.44));
#3675=CARTESIAN_POINT('Ctrl Pts',(-40.209141898264,83.6079989511275,-4.44));
#3676=CARTESIAN_POINT('Ctrl Pts',(-40.0874398430189,83.430119964682,-4.44));
#3677=CARTESIAN_POINT('Ctrl Pts',(-39.9614791292884,83.246016548801,-4.44));
#3678=CARTESIAN_POINT('Ctrl Pts',(-39.833956965671,83.0651331188955,-4.44));
#3679=CARTESIAN_POINT('Ctrl Pts',(-39.7051709159588,82.8876041291933,-4.44));
#3680=CARTESIAN_POINT('Ctrl Pts',(-39.5706689036357,82.7021957995334,-4.44));
#3681=CARTESIAN_POINT('Ctrl Pts',(-39.4347886376046,82.520446258773,-4.44));
#3682=CARTESIAN_POINT('Ctrl Pts',(-39.2979144304408,82.3424732260812,-4.44));
#3683=CARTESIAN_POINT('Ctrl Pts',(-39.1536462455434,82.154886047173,-4.44));
#3684=CARTESIAN_POINT('Ctrl Pts',(-39.0082742703755,81.971494393632,-4.44));
#3685=CARTESIAN_POINT('Ctrl Pts',(-38.8622920107357,81.7923978183832,-4.44));
#3686=CARTESIAN_POINT('Ctrl Pts',(-38.7016925619705,81.5953683208835,-4.44));
#3687=CARTESIAN_POINT('Ctrl Pts',(-38.540354901658,81.4035374076659,-4.44));
#3688=CARTESIAN_POINT('Ctrl Pts',(-38.3789809914309,81.2169897790002,-4.44));
#3689=CARTESIAN_POINT('Ctrl Pts',(-38.2048712192211,81.0157195421474,-4.44));
#3690=CARTESIAN_POINT('Ctrl Pts',(-38.0307204204413,80.8205994997984,-4.44));
#3691=CARTESIAN_POINT('Ctrl Pts',(-37.8574473267964,80.631679753818,-4.44));
#3692=CARTESIAN_POINT('Ctrl Pts',(-37.6739115591051,80.4315706088771,-4.44));
#3693=CARTESIAN_POINT('Ctrl Pts',(-37.491362673479,80.2384176831411,-4.44));
#3694=CARTESIAN_POINT('Ctrl Pts',(-37.3109062722897,80.0522215868372,-4.44));
#3695=CARTESIAN_POINT('Ctrl Pts',(-37.1373956457824,79.8731921863281,-4.44));
#3696=CARTESIAN_POINT('Ctrl Pts',(-36.9658215517565,79.7005933073257,-4.44));
#3697=CARTESIAN_POINT('Ctrl Pts',(-36.7971477825875,79.5343843208519,-4.44));
#3698=CARTESIAN_POINT('Ctrl Pts',(-36.642903166587,79.3823936383599,-4.44));
#3699=CARTESIAN_POINT('Ctrl Pts',(-36.4910848797793,79.23574549973,-4.44));
#3700=CARTESIAN_POINT('Ctrl Pts',(-36.3423940065947,79.0943873718641,-4.44));
#3701=CARTESIAN_POINT('Ctrl Pts',(-36.2042838904056,78.9630882070553,-4.44));
#3702=CARTESIAN_POINT('Ctrl Pts',(-36.0688724701321,78.8363524894417,-4.44));
#3703=CARTESIAN_POINT('Ctrl Pts',(-35.9366788804598,78.7141275616785,-4.44));
#3704=CARTESIAN_POINT('Ctrl Pts',(-35.81130488986,78.5982079699463,-4.44));
#3705=CARTESIAN_POINT('Ctrl Pts',(-35.6888256547843,78.4863454727242,-4.44));
#3706=CARTESIAN_POINT('Ctrl Pts',(-35.5696378198341,78.3784905778356,-4.44));
#3707=CARTESIAN_POINT('Ctrl Pts',(-35.4548958438137,78.2746588086943,-4.44));
#3708=CARTESIAN_POINT('Ctrl Pts',(-35.3432045248646,78.1745410510835,-4.44));
#3709=CARTESIAN_POINT('Ctrl Pts',(-35.2348696566232,78.078092153234,-4.44));
#3710=CARTESIAN_POINT('Ctrl Pts',(-35.1299572724524,77.9846902412892,-4.44));
#3711=CARTESIAN_POINT('Ctrl Pts',(-35.0281928008507,77.8947288932336,-4.44));
#3712=CARTESIAN_POINT('Ctrl Pts',(-34.9298050134582,77.8081685506,-4.44));
#3713=CARTESIAN_POINT('Ctrl Pts',(-34.831163063008,77.7213845984926,-4.44));
#3714=CARTESIAN_POINT('Ctrl Pts',(-34.7359153262242,77.6380191523124,-4.44));
#3715=CARTESIAN_POINT('Ctrl Pts',(-34.6442388669709,77.5580357939364,-4.44));
#3716=CARTESIAN_POINT('Ctrl Pts',(-34.546585290134,77.4728376842313,-4.44));
#3717=CARTESIAN_POINT('Ctrl Pts',(-34.4529837702067,77.3914769879749,-4.44));
#3718=CARTESIAN_POINT('Ctrl Pts',(-34.3635884637098,77.3139146655889,-4.44));
#3719=CARTESIAN_POINT('Ctrl Pts',(-34.2695367196312,77.2323122640641,-4.44));
#3720=CARTESIAN_POINT('Ctrl Pts',(-34.1801403785649,77.1549141766117,-4.43999999999999));
#3721=CARTESIAN_POINT('Ctrl Pts',(-34.095518767499,77.0816812794119,-4.43999999999999));
#3722=CARTESIAN_POINT('Ctrl Pts',(-34.0060040286832,77.0042137911071,-4.43999999999999));
#3723=CARTESIAN_POINT('Ctrl Pts',(-33.9218317026051,76.9314070081256,-4.44000000000001));
#3724=CARTESIAN_POINT('Ctrl Pts',(-33.8430846084542,76.8632228752681,-4.44000000000001));
#3725=CARTESIAN_POINT('Ctrl Pts',(-33.7543777142259,76.7864149279191,-4.44000000000001));
#3726=CARTESIAN_POINT('Ctrl Pts',(-33.6725548677813,76.7154725991448,-4.44));
#3727=CARTESIAN_POINT('Ctrl Pts',(-33.5976674688324,76.6503551805458,-4.44));
#3728=CARTESIAN_POINT('Ctrl Pts',(-33.5109351769754,76.5749381807012,-4.44));
#3729=CARTESIAN_POINT('Ctrl Pts',(-33.433504106305,76.5073338193346,-4.44));
#3730=CARTESIAN_POINT('Ctrl Pts',(-33.365383497556,76.4475045288935,-4.44));
#3731=CARTESIAN_POINT('Ctrl Pts',(-33.3085262603383,76.3975676856732,-4.44));
#3732=CARTESIAN_POINT('Ctrl Pts',(-33.25815255353,76.3530478266395,-4.44));
#3733=CARTESIAN_POINT('Ctrl Pts',(-33.2142576977105,76.3139380573174,-4.44));
#3734=CARTESIAN_POINT('',(-33.2142576977105,76.3139380573174,-49.98));
#3735=CARTESIAN_POINT('Origin',(-35.355,72.935,-29.98));
#3736=CARTESIAN_POINT('Origin',(-35.355,72.935,-4.44));
#3737=CARTESIAN_POINT('Ctrl Pts',(48.9267941968023,102.444996243495,-49.98));
#3738=CARTESIAN_POINT('Ctrl Pts',(48.9267941968023,102.444996243495,4.668));
#3739=CARTESIAN_POINT('Ctrl Pts',(48.397702671233,101.444996243495,-49.98));
#3740=CARTESIAN_POINT('Ctrl Pts',(48.397702671233,101.444996243495,4.668));
#3741=CARTESIAN_POINT('Ctrl Pts',(47.8686111456638,100.444996243495,-49.98));
#3742=CARTESIAN_POINT('Ctrl Pts',(47.8686111456638,100.444996243495,4.668));
#3743=CARTESIAN_POINT('Ctrl Pts',(47.3395196200945,99.4449962434955,-49.98));
#3744=CARTESIAN_POINT('Ctrl Pts',(47.3395196200945,99.4449962434955,4.668));
#3745=CARTESIAN_POINT('Ctrl Pts',(46.8104280945252,98.4449962434955,-49.98));
#3746=CARTESIAN_POINT('Ctrl Pts',(46.8104280945252,98.4449962434955,4.668));
#3747=CARTESIAN_POINT('Ctrl Pts',(46.281336568956,97.4449962434955,-49.98));
#3748=CARTESIAN_POINT('Ctrl Pts',(46.281336568956,97.4449962434955,4.668));
#3749=CARTESIAN_POINT('Ctrl Pts',(46.2734638536938,97.4301165584472,-49.98));
#3750=CARTESIAN_POINT('Ctrl Pts',(46.2734638536938,97.4301165584472,4.668));
#3751=CARTESIAN_POINT('Ctrl Pts',(46.1252963433552,97.1491036262527,-49.98));
#3752=CARTESIAN_POINT('Ctrl Pts',(46.1252963433552,97.1491036262527,4.668));
#3753=CARTESIAN_POINT('Ctrl Pts',(45.8433778261822,96.5788396952172,-49.98));
#3754=CARTESIAN_POINT('Ctrl Pts',(45.8433778261822,96.5788396952172,4.668));
#3755=CARTESIAN_POINT('Ctrl Pts',(45.4414257057661,95.6665600990937,-49.98));
#3756=CARTESIAN_POINT('Ctrl Pts',(45.4414257057661,95.6665600990937,4.668));
#3757=CARTESIAN_POINT('Ctrl Pts',(44.9320677067322,94.3405661094685,-49.98));
#3758=CARTESIAN_POINT('Ctrl Pts',(44.9320677067322,94.3405661094685,4.668));
#3759=CARTESIAN_POINT('Ctrl Pts',(44.3105343999334,92.5647989681557,-49.98));
#3760=CARTESIAN_POINT('Ctrl Pts',(44.3105343999334,92.5647989681557,4.668));
#3761=CARTESIAN_POINT('Ctrl Pts',(43.6592038466431,90.7017133980373,-49.98));
#3762=CARTESIAN_POINT('Ctrl Pts',(43.6592038466431,90.7017133980373,4.668));
#3763=CARTESIAN_POINT('Ctrl Pts',(42.9432004238962,88.8099027449652,-49.98));
#3764=CARTESIAN_POINT('Ctrl Pts',(42.9432004238962,88.8099027449652,4.668));
#3765=CARTESIAN_POINT('Ctrl Pts',(42.1343433126194,86.9477314534911,-49.98));
#3766=CARTESIAN_POINT('Ctrl Pts',(42.1343433126194,86.9477314534911,4.668));
#3767=CARTESIAN_POINT('Ctrl Pts',(41.2167486579348,85.1685137305145,-49.98));
#3768=CARTESIAN_POINT('Ctrl Pts',(41.2167486579348,85.1685137305145,4.668));
#3769=CARTESIAN_POINT('Ctrl Pts',(40.1920044675041,83.5159304322227,-49.98));
#3770=CARTESIAN_POINT('Ctrl Pts',(40.1920044675041,83.5159304322227,4.668));
#3771=CARTESIAN_POINT('Ctrl Pts',(39.0865439763327,82.0181442683669,-49.98));
#3772=CARTESIAN_POINT('Ctrl Pts',(39.0865439763327,82.0181442683669,4.668));
#3773=CARTESIAN_POINT('Ctrl Pts',(37.9455897952485,80.689990539922,-49.98));
#3774=CARTESIAN_POINT('Ctrl Pts',(37.9455897952485,80.689990539922,4.668));
#3775=CARTESIAN_POINT('Ctrl Pts',(36.8243093387426,79.536785107816,-49.98));
#3776=CARTESIAN_POINT('Ctrl Pts',(36.8243093387426,79.536785107816,4.668));
#3777=CARTESIAN_POINT('Ctrl Pts',(35.7800725171994,78.5572455336483,-49.98));
#3778=CARTESIAN_POINT('Ctrl Pts',(35.7800725171994,78.5572455336483,4.668));
#3779=CARTESIAN_POINT('Ctrl Pts',(34.8645499812608,77.7464338056386,-49.98));
#3780=CARTESIAN_POINT('Ctrl Pts',(34.8645499812608,77.7464338056386,4.668));
#3781=CARTESIAN_POINT('Ctrl Pts',(34.1152106465004,77.0984881831404,-49.98));
#3782=CARTESIAN_POINT('Ctrl Pts',(34.1152106465004,77.0984881831404,4.668));
#3783=CARTESIAN_POINT('Ctrl Pts',(33.6617101387132,76.7069115720487,-49.98));
#3784=CARTESIAN_POINT('Ctrl Pts',(33.6617101387132,76.7069115720487,4.668));
#3785=CARTESIAN_POINT('Ctrl Pts',(33.4054929508776,76.4832891906065,-49.98));
#3786=CARTESIAN_POINT('Ctrl Pts',(33.4054929508776,76.4832891906065,4.668));
#3787=CARTESIAN_POINT('Ctrl Pts',(33.2718137404987,76.3652197739221,-49.98));
#3788=CARTESIAN_POINT('Ctrl Pts',(33.2718137404987,76.3652197739221,4.668));
#3789=CARTESIAN_POINT('Ctrl Pts',(33.2142576977105,76.3139380573174,-49.98));
#3790=CARTESIAN_POINT('Ctrl Pts',(33.2142576977105,76.3139380573174,4.668));
#3791=CARTESIAN_POINT('',(33.2142576977105,76.3139380573174,-49.98));
#3792=CARTESIAN_POINT('Ctrl Pts',(38.724609362157,70.7796038075417,-49.98));
#3793=CARTESIAN_POINT('Ctrl Pts',(38.724609362157,70.7796038075417,4.668));
#3794=CARTESIAN_POINT('Ctrl Pts',(38.7761405500062,70.8369366009314,-49.98));
#3795=CARTESIAN_POINT('Ctrl Pts',(38.7761405500062,70.8369366009314,4.668));
#3796=CARTESIAN_POINT('Ctrl Pts',(38.8947893963979,70.9701017979322,-49.98));
#3797=CARTESIAN_POINT('Ctrl Pts',(38.8947893963979,70.9701017979322,4.668));
#3798=CARTESIAN_POINT('Ctrl Pts',(39.1195223710142,71.2253454206579,-49.98));
#3799=CARTESIAN_POINT('Ctrl Pts',(39.1195223710142,71.2253454206579,4.668));
#3800=CARTESIAN_POINT('Ctrl Pts',(39.5130647549051,71.677141110102,-49.98));
#3801=CARTESIAN_POINT('Ctrl Pts',(39.5130647549051,71.677141110102,4.668));
#3802=CARTESIAN_POINT('Ctrl Pts',(40.1642585036604,72.4236594755368,-49.98));
#3803=CARTESIAN_POINT('Ctrl Pts',(40.1642585036604,72.4236594755368,4.668));
#3804=CARTESIAN_POINT('Ctrl Pts',(40.9790385237424,73.3356521788988,-49.98));
#3805=CARTESIAN_POINT('Ctrl Pts',(40.9790385237424,73.3356521788988,4.668));
#3806=CARTESIAN_POINT('Ctrl Pts',(41.9631037802558,74.3756252015127,-49.98));
#3807=CARTESIAN_POINT('Ctrl Pts',(41.9631037802558,74.3756252015127,4.668));
#3808=CARTESIAN_POINT('Ctrl Pts',(43.1211678427344,75.4918869351493,-49.98));
#3809=CARTESIAN_POINT('Ctrl Pts',(43.1211678427344,75.4918869351493,4.668));
#3810=CARTESIAN_POINT('Ctrl Pts',(44.4542639910073,76.6270624410428,-49.98));
#3811=CARTESIAN_POINT('Ctrl Pts',(44.4542639910073,76.6270624410428,4.668));
#3812=CARTESIAN_POINT('Ctrl Pts',(45.9568368328065,77.7260079107021,-49.98));
#3813=CARTESIAN_POINT('Ctrl Pts',(45.9568368328065,77.7260079107021,4.668));
#3814=CARTESIAN_POINT('Ctrl Pts',(47.6138548139513,78.7435655866185,-49.98));
#3815=CARTESIAN_POINT('Ctrl Pts',(47.6138548139513,78.7435655866185,4.668));
#3816=CARTESIAN_POINT('Ctrl Pts',(49.3970406958046,79.6534247882923,-49.98));
#3817=CARTESIAN_POINT('Ctrl Pts',(49.3970406958046,79.6534247882923,4.668));
#3818=CARTESIAN_POINT('Ctrl Pts',(51.262707137673,80.4541872205936,-49.98));
#3819=CARTESIAN_POINT('Ctrl Pts',(51.262707137673,80.4541872205936,4.668));
#3820=CARTESIAN_POINT('Ctrl Pts',(53.1576094159313,81.1619681219564,-49.98));
#3821=CARTESIAN_POINT('Ctrl Pts',(53.1576094159313,81.1619681219564,4.668));
#3822=CARTESIAN_POINT('Ctrl Pts',(55.0235060202771,81.8052015112546,-49.98));
#3823=CARTESIAN_POINT('Ctrl Pts',(55.0235060202771,81.8052015112546,4.668));
#3824=CARTESIAN_POINT('Ctrl Pts',(56.8019556155132,82.4190171421931,-49.98));
#3825=CARTESIAN_POINT('Ctrl Pts',(56.8019556155132,82.4190171421931,4.668));
#3826=CARTESIAN_POINT('Ctrl Pts',(58.1444197296872,82.9280226020332,-49.98));
#3827=CARTESIAN_POINT('Ctrl Pts',(58.1444197296872,82.9280226020332,4.668));
#3828=CARTESIAN_POINT('Ctrl Pts',(59.070216095263,83.3319527267281,-49.98));
#3829=CARTESIAN_POINT('Ctrl Pts',(59.070216095263,83.3319527267281,4.668));
#3830=CARTESIAN_POINT('Ctrl Pts',(59.6519291934511,83.6178222206657,-49.98));
#3831=CARTESIAN_POINT('Ctrl Pts',(59.6519291934511,83.6178222206657,4.668));
#3832=CARTESIAN_POINT('Ctrl Pts',(59.9436727195942,83.7712742693592,-49.98));
#3833=CARTESIAN_POINT('Ctrl Pts',(59.9436727195942,83.7712742693592,4.668));
#3834=CARTESIAN_POINT('Ctrl Pts',(59.9699976936637,83.7852076043008,-49.98));
#3835=CARTESIAN_POINT('Ctrl Pts',(59.9699976936637,83.7852076043008,4.668));
#3836=CARTESIAN_POINT('Ctrl Pts',(60.9699976936637,84.3144896049142,-49.98));
#3837=CARTESIAN_POINT('Ctrl Pts',(60.9699976936637,84.3144896049142,4.668));
#3838=CARTESIAN_POINT('Ctrl Pts',(61.9699976936637,84.8437716055277,-49.98));
#3839=CARTESIAN_POINT('Ctrl Pts',(61.9699976936637,84.8437716055277,4.668));
#3840=CARTESIAN_POINT('Ctrl Pts',(62.9699976936637,85.3730536061412,-49.98));
#3841=CARTESIAN_POINT('Ctrl Pts',(62.9699976936637,85.3730536061412,4.668));
#3842=CARTESIAN_POINT('Ctrl Pts',(63.9699976936637,85.9023356067546,-49.98));
#3843=CARTESIAN_POINT('Ctrl Pts',(63.9699976936637,85.9023356067546,4.668));
#3844=CARTESIAN_POINT('Ctrl Pts',(64.9699976936637,86.4316176073681,-49.98));
#3845=CARTESIAN_POINT('Ctrl Pts',(64.9699976936637,86.4316176073681,4.668));
#3846=CARTESIAN_POINT('Ctrl Pts',(61.9699976936637,84.8437716055277,-49.98));
#3847=CARTESIAN_POINT('Ctrl Pts',(61.9699976936637,84.8437716055277,-40.872));
#3848=CARTESIAN_POINT('Ctrl Pts',(61.9699976936637,84.8437716055277,-31.764));
#3849=CARTESIAN_POINT('Ctrl Pts',(61.9699976936637,84.8437716055277,-16.584));
#3850=CARTESIAN_POINT('Ctrl Pts',(61.9699976936637,84.8437716055277,-10.512));
#3851=CARTESIAN_POINT('Ctrl Pts',(61.9699976936637,84.8437716055277,-4.44));
#3852=CARTESIAN_POINT('',(38.724609362157,70.7796038075417,-49.98));
#3853=CARTESIAN_POINT('Origin',(61.9699976936637,92.4449962434956,5.02));
#3854=CARTESIAN_POINT('Ctrl Pts',(-48.9473086231083,-96.5950037565045,-49.98));
#3855=CARTESIAN_POINT('Ctrl Pts',(-48.9473086231083,-96.5950037565045,4.668));
#3856=CARTESIAN_POINT('Ctrl Pts',(-48.4162353320126,-95.5950037565045,-49.98));
#3857=CARTESIAN_POINT('Ctrl Pts',(-48.4162353320126,-95.5950037565045,4.668));
#3858=CARTESIAN_POINT('Ctrl Pts',(-47.8851620409168,-94.5950037565045,-49.98));
#3859=CARTESIAN_POINT('Ctrl Pts',(-47.8851620409168,-94.5950037565045,4.668));
#3860=CARTESIAN_POINT('Ctrl Pts',(-47.3540887498211,-93.5950037565045,-49.98));
#3861=CARTESIAN_POINT('Ctrl Pts',(-47.3540887498211,-93.5950037565045,4.668));
#3862=CARTESIAN_POINT('Ctrl Pts',(-46.8230154587253,-92.5950037565045,-49.98));
#3863=CARTESIAN_POINT('Ctrl Pts',(-46.8230154587253,-92.5950037565045,4.668));
#3864=CARTESIAN_POINT('Ctrl Pts',(-46.2919421676296,-91.5950037565045,-49.98));
#3865=CARTESIAN_POINT('Ctrl Pts',(-46.2919421676296,-91.5950037565045,4.668));
#3866=CARTESIAN_POINT('Ctrl Pts',(-46.2819366632494,-91.5761635991327,-49.98));
#3867=CARTESIAN_POINT('Ctrl Pts',(-46.2819366632494,-91.5761635991327,4.668));
#3868=CARTESIAN_POINT('Ctrl Pts',(-46.1315054239711,-91.2916525455371,-49.98));
#3869=CARTESIAN_POINT('Ctrl Pts',(-46.1315054239711,-91.2916525455371,4.668));
#3870=CARTESIAN_POINT('Ctrl Pts',(-45.8473477119411,-90.7178467156018,-49.98));
#3871=CARTESIAN_POINT('Ctrl Pts',(-45.8473477119411,-90.7178467156018,4.668));
#3872=CARTESIAN_POINT('Ctrl Pts',(-45.4433206886042,-89.8014932421272,-49.98));
#3873=CARTESIAN_POINT('Ctrl Pts',(-45.4433206886042,-89.8014932421272,4.668));
#3874=CARTESIAN_POINT('Ctrl Pts',(-44.9320677067293,-88.4705661095059,-49.98));
#3875=CARTESIAN_POINT('Ctrl Pts',(-44.9320677067293,-88.4705661095059,4.668));
#3876=CARTESIAN_POINT('Ctrl Pts',(-44.3105343999291,-86.6947989682064,-49.98));
#3877=CARTESIAN_POINT('Ctrl Pts',(-44.3105343999291,-86.6947989682064,4.668));
#3878=CARTESIAN_POINT('Ctrl Pts',(-43.6592038466383,-84.8317133980895,-49.98));
#3879=CARTESIAN_POINT('Ctrl Pts',(-43.6592038466383,-84.8317133980895,4.668));
#3880=CARTESIAN_POINT('Ctrl Pts',(-42.9432004238921,-82.9399027450081,-49.98));
#3881=CARTESIAN_POINT('Ctrl Pts',(-42.9432004238921,-82.9399027450081,4.668));
#3882=CARTESIAN_POINT('Ctrl Pts',(-42.1343433126169,-81.0777314535166,-49.98));
#3883=CARTESIAN_POINT('Ctrl Pts',(-42.1343433126169,-81.0777314535166,4.668));
#3884=CARTESIAN_POINT('Ctrl Pts',(-41.2167486579344,-79.2985137305186,-49.98));
#3885=CARTESIAN_POINT('Ctrl Pts',(-41.2167486579344,-79.2985137305186,4.668));
#3886=CARTESIAN_POINT('Ctrl Pts',(-40.1920044675059,-77.6459304322054,-49.98));
#3887=CARTESIAN_POINT('Ctrl Pts',(-40.1920044675059,-77.6459304322054,4.668));
#3888=CARTESIAN_POINT('Ctrl Pts',(-39.0865439763361,-76.1481442683331,-49.98));
#3889=CARTESIAN_POINT('Ctrl Pts',(-39.0865439763361,-76.1481442683331,4.668));
#3890=CARTESIAN_POINT('Ctrl Pts',(-37.9455897952525,-74.8199905398804,-49.98));
#3891=CARTESIAN_POINT('Ctrl Pts',(-37.9455897952525,-74.8199905398804,4.668));
#3892=CARTESIAN_POINT('Ctrl Pts',(-36.824309338746,-73.6667851077784,-49.98));
#3893=CARTESIAN_POINT('Ctrl Pts',(-36.824309338746,-73.6667851077784,4.668));
#3894=CARTESIAN_POINT('Ctrl Pts',(-35.7800725172011,-72.6872455336265,-49.98));
#3895=CARTESIAN_POINT('Ctrl Pts',(-35.7800725172011,-72.6872455336265,4.668));
#3896=CARTESIAN_POINT('Ctrl Pts',(-34.8645499812604,-71.8764338056413,-49.98));
#3897=CARTESIAN_POINT('Ctrl Pts',(-34.8645499812604,-71.8764338056413,4.668));
#3898=CARTESIAN_POINT('Ctrl Pts',(-34.1152106464987,-71.2284881831676,-49.98));
#3899=CARTESIAN_POINT('Ctrl Pts',(-34.1152106464987,-71.2284881831676,4.668));
#3900=CARTESIAN_POINT('Ctrl Pts',(-33.6617101387115,-70.836911572082,-49.98));
#3901=CARTESIAN_POINT('Ctrl Pts',(-33.6617101387115,-70.836911572082,4.668));
#3902=CARTESIAN_POINT('Ctrl Pts',(-33.4054929508765,-70.6132891906296,-49.98));
#3903=CARTESIAN_POINT('Ctrl Pts',(-33.4054929508765,-70.6132891906296,4.668));
#3904=CARTESIAN_POINT('Ctrl Pts',(-33.2718137404983,-70.495219773931,-49.98));
#3905=CARTESIAN_POINT('Ctrl Pts',(-33.2718137404983,-70.495219773931,4.668));
#3906=CARTESIAN_POINT('Ctrl Pts',(-33.2142576977105,-70.4439380573174,-49.98));
#3907=CARTESIAN_POINT('Ctrl Pts',(-33.2142576977105,-70.4439380573174,4.668));
#3908=CARTESIAN_POINT('',(-33.2142576977105,-70.4439380573174,-49.98));
#3909=CARTESIAN_POINT('Ctrl Pts',(-38.724609362157,-64.9096038075417,-49.98));
#3910=CARTESIAN_POINT('Ctrl Pts',(-38.724609362157,-64.9096038075417,4.668));
#3911=CARTESIAN_POINT('Ctrl Pts',(-38.7761405500062,-64.9669366009339,-49.98));
#3912=CARTESIAN_POINT('Ctrl Pts',(-38.7761405500062,-64.9669366009339,4.668));
#3913=CARTESIAN_POINT('Ctrl Pts',(-38.8947893963979,-65.1001017979386,-49.98));
#3914=CARTESIAN_POINT('Ctrl Pts',(-38.8947893963979,-65.1001017979386,4.668));
#3915=CARTESIAN_POINT('Ctrl Pts',(-39.1195223710142,-65.3553454206675,-49.98));
#3916=CARTESIAN_POINT('Ctrl Pts',(-39.1195223710142,-65.3553454206675,4.668));
#3917=CARTESIAN_POINT('Ctrl Pts',(-39.5130647549051,-65.8071411101107,-49.98));
#3918=CARTESIAN_POINT('Ctrl Pts',(-39.5130647549051,-65.8071411101107,4.668));
#3919=CARTESIAN_POINT('Ctrl Pts',(-40.1642585036604,-66.5536594755383,-49.98));
#3920=CARTESIAN_POINT('Ctrl Pts',(-40.1642585036604,-66.5536594755383,4.668));
#3921=CARTESIAN_POINT('Ctrl Pts',(-40.9790385237424,-67.4656521788908,-49.98));
#3922=CARTESIAN_POINT('Ctrl Pts',(-40.9790385237424,-67.4656521788908,4.668));
#3923=CARTESIAN_POINT('Ctrl Pts',(-41.9631037802558,-68.5056252014963,-49.98));
#3924=CARTESIAN_POINT('Ctrl Pts',(-41.9631037802558,-68.5056252014963,4.668));
#3925=CARTESIAN_POINT('Ctrl Pts',(-43.1211678427344,-69.6218869351281,-49.98));
#3926=CARTESIAN_POINT('Ctrl Pts',(-43.1211678427344,-69.6218869351281,4.668));
#3927=CARTESIAN_POINT('Ctrl Pts',(-44.4542639910073,-70.7570624410228,-49.98));
#3928=CARTESIAN_POINT('Ctrl Pts',(-44.4542639910073,-70.7570624410228,4.668));
#3929=CARTESIAN_POINT('Ctrl Pts',(-45.9568368328065,-71.85600791069,-49.98));
#3930=CARTESIAN_POINT('Ctrl Pts',(-45.9568368328065,-71.85600791069,4.668));
#3931=CARTESIAN_POINT('Ctrl Pts',(-47.6138548139513,-72.8735655866206,-49.98));
#3932=CARTESIAN_POINT('Ctrl Pts',(-47.6138548139513,-72.8735655866206,4.668));
#3933=CARTESIAN_POINT('Ctrl Pts',(-49.3970406958046,-73.7834247883122,-49.98));
#3934=CARTESIAN_POINT('Ctrl Pts',(-49.3970406958046,-73.7834247883122,4.668));
#3935=CARTESIAN_POINT('Ctrl Pts',(-51.262707137673,-74.5841872206306,-49.98));
#3936=CARTESIAN_POINT('Ctrl Pts',(-51.262707137673,-74.5841872206306,4.668));
#3937=CARTESIAN_POINT('Ctrl Pts',(-53.1576094159313,-75.2919681220049,-49.98));
#3938=CARTESIAN_POINT('Ctrl Pts',(-53.1576094159313,-75.2919681220049,4.668));
#3939=CARTESIAN_POINT('Ctrl Pts',(-55.0235060202771,-75.9352015113046,-49.98));
#3940=CARTESIAN_POINT('Ctrl Pts',(-55.0235060202771,-75.9352015113046,4.668));
#3941=CARTESIAN_POINT('Ctrl Pts',(-56.8019556155132,-76.5490171422318,-49.98));
#3942=CARTESIAN_POINT('Ctrl Pts',(-56.8019556155132,-76.5490171422318,4.668));
#3943=CARTESIAN_POINT('Ctrl Pts',(-58.1444208729203,-77.0580230355178,-49.98));
#3944=CARTESIAN_POINT('Ctrl Pts',(-58.1444208729203,-77.0580230355178,4.668));
#3945=CARTESIAN_POINT('Ctrl Pts',(-59.0702181807743,-77.4619536366484,-49.98));
#3946=CARTESIAN_POINT('Ctrl Pts',(-59.0702181807743,-77.4619536366484,4.668));
#3947=CARTESIAN_POINT('Ctrl Pts',(-59.6519320952324,-77.747823646666,-49.98));
#3948=CARTESIAN_POINT('Ctrl Pts',(-59.6519320952324,-77.747823646666,4.668));
#3949=CARTESIAN_POINT('Ctrl Pts',(-59.9436764246368,-77.9012762181278,-49.98));
#3950=CARTESIAN_POINT('Ctrl Pts',(-59.9436764246368,-77.9012762181278,4.668));
#3951=CARTESIAN_POINT('Ctrl Pts',(-59.9700023063363,-77.9152100456855,-49.98));
#3952=CARTESIAN_POINT('Ctrl Pts',(-59.9700023063363,-77.9152100456855,4.668));
#3953=CARTESIAN_POINT('Ctrl Pts',(-60.9700023063363,-78.4444925106279,-49.98));
#3954=CARTESIAN_POINT('Ctrl Pts',(-60.9700023063363,-78.4444925106279,4.668));
#3955=CARTESIAN_POINT('Ctrl Pts',(-61.9700023063363,-78.9737749755703,-49.98));
#3956=CARTESIAN_POINT('Ctrl Pts',(-61.9700023063363,-78.9737749755703,4.668));
#3957=CARTESIAN_POINT('Ctrl Pts',(-62.9700023063363,-79.5030574405127,-49.98));
#3958=CARTESIAN_POINT('Ctrl Pts',(-62.9700023063363,-79.5030574405127,4.668));
#3959=CARTESIAN_POINT('Ctrl Pts',(-63.9700023063363,-80.0323399054551,-49.98));
#3960=CARTESIAN_POINT('Ctrl Pts',(-63.9700023063363,-80.0323399054551,4.668));
#3961=CARTESIAN_POINT('Ctrl Pts',(-64.9700023063363,-80.5616223703975,-49.98));
#3962=CARTESIAN_POINT('Ctrl Pts',(-64.9700023063363,-80.5616223703975,4.668));
#3963=CARTESIAN_POINT('',(-38.724609362157,-64.9096038075417,-49.98));
#3964=CARTESIAN_POINT('Ctrl Pts',(45.9690513993164,-90.9519397847425,-49.98));
#3965=CARTESIAN_POINT('Ctrl Pts',(45.9690513993164,-90.9519397847425,4.66800000000001));
#3966=CARTESIAN_POINT('Ctrl Pts',(46.0227918770752,-91.0648541615154,-49.98));
#3967=CARTESIAN_POINT('Ctrl Pts',(46.0227918770752,-91.0648541615154,4.66800000000001));
#3968=CARTESIAN_POINT('Ctrl Pts',(46.2133270009973,-91.4565348905066,-49.98));
#3969=CARTESIAN_POINT('Ctrl Pts',(46.2133270009973,-91.4565348905066,4.66800000000001));
#3970=CARTESIAN_POINT('Ctrl Pts',(46.5494335061194,-92.0940295187886,-49.98));
#3971=CARTESIAN_POINT('Ctrl Pts',(46.5494335061194,-92.0940295187886,4.66800000000001));
#3972=CARTESIAN_POINT('Ctrl Pts',(47.0517717132929,-92.9088059066777,-49.98));
#3973=CARTESIAN_POINT('Ctrl Pts',(47.0517717132929,-92.9088059066777,4.66800000000001));
#3974=CARTESIAN_POINT('Ctrl Pts',(47.7568970141327,-93.7923705283966,-49.98));
#3975=CARTESIAN_POINT('Ctrl Pts',(47.7568970141327,-93.7923705283966,4.66800000000001));
#3976=CARTESIAN_POINT('Ctrl Pts',(48.4614678415203,-94.4089957918293,-49.98));
#3977=CARTESIAN_POINT('Ctrl Pts',(48.4614678415203,-94.4089957918293,4.66800000000001));
#3978=CARTESIAN_POINT('Ctrl Pts',(49.0258701032694,-94.7663756606906,-49.98));
#3979=CARTESIAN_POINT('Ctrl Pts',(49.0258701032694,-94.7663756606906,4.66800000000001));
#3980=CARTESIAN_POINT('Ctrl Pts',(49.4180651781161,-94.9581085560305,-49.98));
#3981=CARTESIAN_POINT('Ctrl Pts',(49.4180651781161,-94.9581085560305,4.66800000000001));
#3982=CARTESIAN_POINT('Ctrl Pts',(49.6181442442761,-95.0423451432936,-49.98));
#3983=CARTESIAN_POINT('Ctrl Pts',(49.6181442442761,-95.0423451432936,4.66800000000001));
#3984=CARTESIAN_POINT('',(45.9690513993157,-90.9519397847411,-49.98));
#3985=CARTESIAN_POINT('Origin',(54.97,-86.595,-49.98));
#3986=CARTESIAN_POINT('',(45.8518366862141,-90.7009831688779,-49.98));
#3987=CARTESIAN_POINT('Ctrl Pts',(33.2142576977105,-70.4439380573174,-49.98));
#3988=CARTESIAN_POINT('Ctrl Pts',(33.2142576977105,-70.4439380573174,4.668));
#3989=CARTESIAN_POINT('Ctrl Pts',(33.2718137404983,-70.495219773931,-49.98));
#3990=CARTESIAN_POINT('Ctrl Pts',(33.2718137404983,-70.495219773931,4.668));
#3991=CARTESIAN_POINT('Ctrl Pts',(33.4054929508765,-70.6132891906296,-49.98));
#3992=CARTESIAN_POINT('Ctrl Pts',(33.4054929508765,-70.6132891906296,4.668));
#3993=CARTESIAN_POINT('Ctrl Pts',(33.6617101387115,-70.836911572082,-49.98));
#3994=CARTESIAN_POINT('Ctrl Pts',(33.6617101387115,-70.836911572082,4.668));
#3995=CARTESIAN_POINT('Ctrl Pts',(34.1152106464987,-71.2284881831676,-49.98));
#3996=CARTESIAN_POINT('Ctrl Pts',(34.1152106464987,-71.2284881831676,4.668));
#3997=CARTESIAN_POINT('Ctrl Pts',(34.8645499812604,-71.8764338056413,-49.98));
#3998=CARTESIAN_POINT('Ctrl Pts',(34.8645499812604,-71.8764338056413,4.668));
#3999=CARTESIAN_POINT('Ctrl Pts',(35.7800725172011,-72.6872455336265,-49.98));
#4000=CARTESIAN_POINT('Ctrl Pts',(35.7800725172011,-72.6872455336265,4.668));
#4001=CARTESIAN_POINT('Ctrl Pts',(36.824309338746,-73.6667851077784,-49.98));
#4002=CARTESIAN_POINT('Ctrl Pts',(36.824309338746,-73.6667851077784,4.668));
#4003=CARTESIAN_POINT('Ctrl Pts',(37.9455897952525,-74.8199905398804,-49.98));
#4004=CARTESIAN_POINT('Ctrl Pts',(37.9455897952525,-74.8199905398804,4.668));
#4005=CARTESIAN_POINT('Ctrl Pts',(39.0865439763361,-76.1481442683331,-49.98));
#4006=CARTESIAN_POINT('Ctrl Pts',(39.0865439763361,-76.1481442683331,4.668));
#4007=CARTESIAN_POINT('Ctrl Pts',(40.1920044675059,-77.6459304322054,-49.98));
#4008=CARTESIAN_POINT('Ctrl Pts',(40.1920044675059,-77.6459304322054,4.668));
#4009=CARTESIAN_POINT('Ctrl Pts',(41.2167486579344,-79.2985137305186,-49.98));
#4010=CARTESIAN_POINT('Ctrl Pts',(41.2167486579344,-79.2985137305186,4.668));
#4011=CARTESIAN_POINT('Ctrl Pts',(42.1343433126169,-81.0777314535166,-49.98));
#4012=CARTESIAN_POINT('Ctrl Pts',(42.1343433126169,-81.0777314535166,4.668));
#4013=CARTESIAN_POINT('Ctrl Pts',(42.9432004238921,-82.9399027450081,-49.98));
#4014=CARTESIAN_POINT('Ctrl Pts',(42.9432004238921,-82.9399027450081,4.668));
#4015=CARTESIAN_POINT('Ctrl Pts',(43.6592038466383,-84.8317133980895,-49.98));
#4016=CARTESIAN_POINT('Ctrl Pts',(43.6592038466383,-84.8317133980895,4.668));
#4017=CARTESIAN_POINT('Ctrl Pts',(44.3105343999291,-86.6947989682064,-49.98));
#4018=CARTESIAN_POINT('Ctrl Pts',(44.3105343999291,-86.6947989682064,4.668));
#4019=CARTESIAN_POINT('Ctrl Pts',(44.861040915861,-88.2676372559821,-49.98));
#4020=CARTESIAN_POINT('Ctrl Pts',(44.861040915861,-88.2676372559821,4.668));
#4021=CARTESIAN_POINT('Ctrl Pts',(45.2909829391845,-89.4023425470262,-49.98));
#4022=CARTESIAN_POINT('Ctrl Pts',(45.2909829391845,-89.4023425470262,4.668));
#4023=CARTESIAN_POINT('Ctrl Pts',(45.6051760467622,-90.1537918156759,-49.98));
#4024=CARTESIAN_POINT('Ctrl Pts',(45.6051760467622,-90.1537918156759,4.668));
#4025=CARTESIAN_POINT('Ctrl Pts',(45.7945716591364,-90.5760976703964,-49.98));
#4026=CARTESIAN_POINT('Ctrl Pts',(45.7945716591364,-90.5760976703964,4.668));
#4027=CARTESIAN_POINT('Ctrl Pts',(45.8518366862141,-90.7009831688779,-49.98));
#4028=CARTESIAN_POINT('Ctrl Pts',(45.8518366862141,-90.7009831688779,4.668));
#4029=CARTESIAN_POINT('',(33.2142576977105,-70.4439380573174,-49.98));
#4030=CARTESIAN_POINT('Ctrl Pts',(59.0363460214323,-77.4590911763536,-49.98));
#4031=CARTESIAN_POINT('Ctrl Pts',(59.0363460214323,-77.4590911763536,4.66800000000001));
#4032=CARTESIAN_POINT('Ctrl Pts',(58.9112130096628,-77.4023690429742,-49.98));
#4033=CARTESIAN_POINT('Ctrl Pts',(58.9112130096628,-77.4023690429742,4.66800000000001));
#4034=CARTESIAN_POINT('Ctrl Pts',(58.4880886286448,-77.2148092096377,-49.98));
#4035=CARTESIAN_POINT('Ctrl Pts',(58.4880886286448,-77.2148092096377,4.66800000000001));
#4036=CARTESIAN_POINT('Ctrl Pts',(57.7352819660394,-76.9038824644161,-49.98));
#4037=CARTESIAN_POINT('Ctrl Pts',(57.7352819660394,-76.9038824644161,4.66800000000001));
#4038=CARTESIAN_POINT('Ctrl Pts',(56.5987202199065,-76.4788723020771,-49.98));
#4039=CARTESIAN_POINT('Ctrl Pts',(56.5987202199065,-76.4788723020771,4.66800000000001));
#4040=CARTESIAN_POINT('Ctrl Pts',(55.0235060202771,-75.9352015113046,-49.98));
#4041=CARTESIAN_POINT('Ctrl Pts',(55.0235060202771,-75.9352015113046,4.66800000000001));
#4042=CARTESIAN_POINT('Ctrl Pts',(53.1576094159313,-75.2919681220049,-49.98));
#4043=CARTESIAN_POINT('Ctrl Pts',(53.1576094159313,-75.2919681220049,4.66800000000001));
#4044=CARTESIAN_POINT('Ctrl Pts',(51.262707137673,-74.5841872206306,-49.98));
#4045=CARTESIAN_POINT('Ctrl Pts',(51.262707137673,-74.5841872206306,4.66800000000001));
#4046=CARTESIAN_POINT('Ctrl Pts',(49.3970406958046,-73.7834247883122,-49.98));
#4047=CARTESIAN_POINT('Ctrl Pts',(49.3970406958046,-73.7834247883122,4.66800000000001));
#4048=CARTESIAN_POINT('Ctrl Pts',(47.6138548139513,-72.8735655866206,-49.98));
#4049=CARTESIAN_POINT('Ctrl Pts',(47.6138548139513,-72.8735655866206,4.66800000000001));
#4050=CARTESIAN_POINT('Ctrl Pts',(45.9568368328065,-71.85600791069,-49.98));
#4051=CARTESIAN_POINT('Ctrl Pts',(45.9568368328065,-71.85600791069,4.66800000000001));
#4052=CARTESIAN_POINT('Ctrl Pts',(44.4542639910073,-70.7570624410228,-49.98));
#4053=CARTESIAN_POINT('Ctrl Pts',(44.4542639910073,-70.7570624410228,4.66800000000001));
#4054=CARTESIAN_POINT('Ctrl Pts',(43.1211678427344,-69.6218869351281,-49.98));
#4055=CARTESIAN_POINT('Ctrl Pts',(43.1211678427344,-69.6218869351281,4.66800000000001));
#4056=CARTESIAN_POINT('Ctrl Pts',(41.9631037802558,-68.5056252014963,-49.98));
#4057=CARTESIAN_POINT('Ctrl Pts',(41.9631037802558,-68.5056252014963,4.66800000000001));
#4058=CARTESIAN_POINT('Ctrl Pts',(40.9790385237424,-67.4656521788908,-49.98));
#4059=CARTESIAN_POINT('Ctrl Pts',(40.9790385237424,-67.4656521788908,4.66800000000001));
#4060=CARTESIAN_POINT('Ctrl Pts',(40.1642585036604,-66.5536594755383,-49.98));
#4061=CARTESIAN_POINT('Ctrl Pts',(40.1642585036604,-66.5536594755383,4.66800000000001));
#4062=CARTESIAN_POINT('Ctrl Pts',(39.5130647549051,-65.8071411101107,-49.98));
#4063=CARTESIAN_POINT('Ctrl Pts',(39.5130647549051,-65.8071411101107,4.66800000000001));
#4064=CARTESIAN_POINT('Ctrl Pts',(39.1195223710142,-65.3553454206675,-49.98));
#4065=CARTESIAN_POINT('Ctrl Pts',(39.1195223710142,-65.3553454206675,4.66800000000001));
#4066=CARTESIAN_POINT('Ctrl Pts',(38.8947893963979,-65.1001017979386,-49.98));
#4067=CARTESIAN_POINT('Ctrl Pts',(38.8947893963979,-65.1001017979386,4.66800000000001));
#4068=CARTESIAN_POINT('Ctrl Pts',(38.7761405500062,-64.9669366009339,-49.98));
#4069=CARTESIAN_POINT('Ctrl Pts',(38.7761405500062,-64.9669366009339,4.66800000000001));
#4070=CARTESIAN_POINT('Ctrl Pts',(38.724609362157,-64.9096038075417,-49.98));
#4071=CARTESIAN_POINT('Ctrl Pts',(38.724609362157,-64.9096038075417,4.66800000000001));
#4072=CARTESIAN_POINT('',(38.724609362157,-64.9096038075417,-49.98));
#4073=CARTESIAN_POINT('',(59.0363460214323,-77.4590911763536,-49.98));
#4074=CARTESIAN_POINT('Origin',(54.97,-86.595,-49.98));
#4075=CARTESIAN_POINT('',(59.287809311902,-77.5752149279461,-49.98));
#4076=CARTESIAN_POINT('Ctrl Pts',(63.3940234053926,-81.2065095188543,-49.98));
#4077=CARTESIAN_POINT('Ctrl Pts',(63.3940234053926,-81.2065095188543,4.668));
#4078=CARTESIAN_POINT('Ctrl Pts',(63.3089187076188,-81.0067981627272,-49.98));
#4079=CARTESIAN_POINT('Ctrl Pts',(63.3089187076188,-81.0067981627272,4.668));
#4080=CARTESIAN_POINT('Ctrl Pts',(63.1154843926229,-80.615439445344,-49.98));
#4081=CARTESIAN_POINT('Ctrl Pts',(63.1154843926229,-80.615439445344,4.668));
#4082=CARTESIAN_POINT('Ctrl Pts',(62.7556568035038,-80.0525945378929,-49.98));
#4083=CARTESIAN_POINT('Ctrl Pts',(62.7556568035038,-80.0525945378929,4.668));
#4084=CARTESIAN_POINT('Ctrl Pts',(62.1359775394123,-79.3507082394351,-49.98));
#4085=CARTESIAN_POINT('Ctrl Pts',(62.1359775394123,-79.3507082394351,4.668));
#4086=CARTESIAN_POINT('Ctrl Pts',(61.2493590263233,-78.6494267390004,-49.98));
#4087=CARTESIAN_POINT('Ctrl Pts',(61.2493590263233,-78.6494267390004,4.668));
#4088=CARTESIAN_POINT('Ctrl Pts',(60.4324087637003,-78.150631685883,-49.98));
#4089=CARTESIAN_POINT('Ctrl Pts',(60.4324087637003,-78.150631685883,4.668));
#4090=CARTESIAN_POINT('Ctrl Pts',(59.7934605011915,-77.8172968666947,-49.98));
#4091=CARTESIAN_POINT('Ctrl Pts',(59.7934605011915,-77.8172968666947,4.668));
#4092=CARTESIAN_POINT('Ctrl Pts',(59.4009560084218,-77.6284645335258,-49.98));
#4093=CARTESIAN_POINT('Ctrl Pts',(59.4009560084218,-77.6284645335258,4.668));
#4094=CARTESIAN_POINT('Ctrl Pts',(59.2878093119033,-77.5752149279467,-49.98));
#4095=CARTESIAN_POINT('Ctrl Pts',(59.2878093119033,-77.5752149279467,4.668));
#4096=CARTESIAN_POINT('Origin',(35.355,-67.065,-29.98));
#4097=CARTESIAN_POINT('Origin',(64.9699976936637,-28.5,1.02));
#4098=CARTESIAN_POINT('',(64.9699976936637,31.9724981217478,1.02));
#4099=CARTESIAN_POINT('',(54.9699976936637,31.9724981217478,1.02));
#4100=CARTESIAN_POINT('Origin',(54.9699976936637,92.4449962434956,5.02));
#4101=CARTESIAN_POINT('',(54.9699976936637,-86.5950037565044,3.82));
#4102=CARTESIAN_POINT('',(54.9699976936637,-86.5950037565044,5.02));
#4103=CARTESIAN_POINT('',(54.9699976936637,92.4449962434956,3.82));
#4104=CARTESIAN_POINT('',(54.9699976936637,0.359998121747775,3.82));
#4105=CARTESIAN_POINT('',(54.9699976936637,92.4449962434956,5.02));
#4106=CARTESIAN_POINT('Origin',(35.355,72.935,-34.98));
#4107=CARTESIAN_POINT('',(32.605,72.935,-34.98));
#4108=CARTESIAN_POINT('Origin',(-35.355,72.935,-34.98));
#4109=CARTESIAN_POINT('',(-38.105,72.935,-34.98));
#4110=CARTESIAN_POINT('Origin',(35.355,-67.065,-34.98));
#4111=CARTESIAN_POINT('',(32.605,-67.065,-34.98));
#4112=CARTESIAN_POINT('Origin',(-35.355,-67.065,-34.98));
#4113=CARTESIAN_POINT('',(-38.105,-67.065,-34.98));
#4114=CARTESIAN_POINT('Origin',(35.355,72.935,-34.98));
#4115=CARTESIAN_POINT('',(33.955,72.935,-34.98));
#4116=CARTESIAN_POINT('Origin',(-35.355,72.935,-34.98));
#4117=CARTESIAN_POINT('',(-36.755,72.935,-4.44));
#4118=CARTESIAN_POINT('',(-36.755,72.935,-34.98));
#4119=CARTESIAN_POINT('Origin',(-35.355,72.935,-4.44));
#4120=CARTESIAN_POINT('Origin',(35.355,-67.065,-34.98));
#4121=CARTESIAN_POINT('',(33.955,-67.065,-34.98));
#4122=CARTESIAN_POINT('Origin',(-35.355,-67.065,-34.98));
#4123=CARTESIAN_POINT('',(-36.755,-67.065,-34.98));
#4124=CARTESIAN_POINT('Origin',(-35.355,-67.065,-29.98));
#4125=CARTESIAN_POINT('Origin',(-35.355,-67.065,-4.44));
#4126=CARTESIAN_POINT('Origin',(35.355,72.935,-29.98));
#4127=CARTESIAN_POINT('Origin',(52.12,98.095,4.32));
#4128=CARTESIAN_POINT('',(-52.119999947574,98.0949998111001,5.02));
#4129=CARTESIAN_POINT('',(52.1199999796,98.0949998108667,5.02));
#4130=CARTESIAN_POINT('',(26.0599988468318,98.095,5.02));
#4131=CARTESIAN_POINT('',(-52.1199999633556,98.0949999775072,4.2628954635105));
#4132=CARTESIAN_POINT('',(-52.119999947574,98.0949994333,4.4700005620903));
#4133=CARTESIAN_POINT('',(52.1199999857378,98.0949999775075,4.2628954635109));
#4134=CARTESIAN_POINT('',(26.06,98.095,4.26289321881339));
#4135=CARTESIAN_POINT('',(52.1199999796,98.0949994326,4.4700005614197));
#4136=CARTESIAN_POINT('Origin',(52.12,89.595,4.32));
#4137=CARTESIAN_POINT('',(60.6199998110999,89.5949999476,5.02));
#4138=CARTESIAN_POINT('Origin',(52.12,89.595,5.02));
#4139=CARTESIAN_POINT('',(60.6199999775072,89.5949999633465,4.26289546351015));
#4140=CARTESIAN_POINT('Origin',(52.12,89.595,4.26289781681201));
#4141=CARTESIAN_POINT('',(60.6199994333,89.5949999476,4.47000056209));
#4142=CARTESIAN_POINT('Origin',(-52.12,89.595,4.32));
#4143=CARTESIAN_POINT('',(-60.6199998108613,89.5949999796001,5.02));
#4144=CARTESIAN_POINT('Origin',(-52.12,89.595,5.02));
#4145=CARTESIAN_POINT('',(-60.6199999775071,89.5949999857378,4.26289546351023));
#4146=CARTESIAN_POINT('',(-60.6199994325841,89.5949999796,4.4700005614194));
#4147=CARTESIAN_POINT('Origin',(-52.12,89.595,4.26289781681285));
#4148=CARTESIAN_POINT('Origin',(60.62,-83.725,4.32));
#4149=CARTESIAN_POINT('',(60.6199998108667,-83.724999979589,5.02));
#4150=CARTESIAN_POINT('',(60.62,-40.4000018782522,5.02));
#4151=CARTESIAN_POINT('',(60.6199999775075,-83.7249999857328,4.26289546351252));
#4152=CARTESIAN_POINT('',(60.62,-40.395,4.26289321881343));
#4153=CARTESIAN_POINT('',(60.6199994326,-83.724999979589,4.4700005614195));
#4154=CARTESIAN_POINT('Origin',(-60.62,89.595,4.32));
#4155=CARTESIAN_POINT('',(-60.6199998110848,-83.724999947574,5.02));
#4156=CARTESIAN_POINT('',(-60.62,46.2599981217478,5.02));
#4157=CARTESIAN_POINT('',(-60.6199999775071,-83.7249999633555,4.26289546351097));
#4158=CARTESIAN_POINT('',(-60.6199994332545,-83.724999947574,4.4700005620902));
#4159=CARTESIAN_POINT('',(-60.62,46.265,4.26289321881346));
#4160=CARTESIAN_POINT('Origin',(52.12,-83.725,4.32));
#4161=CARTESIAN_POINT('',(52.1199999476,-92.2249998110848,5.02));
#4162=CARTESIAN_POINT('Origin',(52.12,-83.725,5.02));
#4163=CARTESIAN_POINT('',(52.1199999633466,-92.2249999775071,4.26289546351142));
#4164=CARTESIAN_POINT('Origin',(52.12,-83.725,4.26289781681525));
#4165=CARTESIAN_POINT('',(52.1199999476,-92.2249994332545,4.4700005620902));
#4166=CARTESIAN_POINT('Origin',(-52.12,-83.725,4.32));
#4167=CARTESIAN_POINT('',(-52.119999979589,-92.2249998108613,5.02));
#4168=CARTESIAN_POINT('Origin',(-52.12,-83.725,5.02));
#4169=CARTESIAN_POINT('',(-52.119999979589,-92.2249999538006,4.26289540627838));
#4170=CARTESIAN_POINT('',(-52.119999979589,-92.2249994325839,4.4700005614196));
#4171=CARTESIAN_POINT('Origin',(-52.12,-83.725,4.26289781681437));
#4172=CARTESIAN_POINT('Origin',(-52.12,-92.225,4.32));
#4173=CARTESIAN_POINT('',(-26.0600011531682,-92.225,5.02));
#4174=CARTESIAN_POINT('',(-26.06,-92.225,4.26289321881347));
#4175=CARTESIAN_POINT('Origin',(-60.12,-91.725,3.82));
#4176=CARTESIAN_POINT('',(-60.1771046294545,-83.7249999156271,3.82000001376912));
#4177=CARTESIAN_POINT('',(-60.1771046294553,89.5949999671556,3.82000001376911));
#4178=CARTESIAN_POINT('',(-60.1771067811865,-44.395,3.82));
#4179=CARTESIAN_POINT('',(-52.1199999671506,-91.7821046294545,3.82000001376912));
#4180=CARTESIAN_POINT('Origin',(-52.12,-83.725,3.82));
#4181=CARTESIAN_POINT('',(52.1199999156181,-91.7821046294541,3.82000001376913));
#4182=CARTESIAN_POINT('',(-30.06,-91.7821067811865,3.82));
#4183=CARTESIAN_POINT('',(60.1771046294521,-83.7249999671506,3.82000001376796));
#4184=CARTESIAN_POINT('Origin',(52.12,-83.725,3.82));
#4185=CARTESIAN_POINT('',(60.1771046294551,89.5949999156181,3.82000001376878));
#4186=CARTESIAN_POINT('',(60.1771067811865,-44.395,3.82));
#4187=CARTESIAN_POINT('',(52.1199999671556,97.6521046294537,3.82000001376789));
#4188=CARTESIAN_POINT('Origin',(52.12,89.595,3.82));
#4189=CARTESIAN_POINT('',(-52.1199999156271,97.6521046294547,3.82000001376878));
#4190=CARTESIAN_POINT('',(-30.06,97.6521067811865,3.82));
#4191=CARTESIAN_POINT('Origin',(-52.12,89.595,3.82));
#4192=CARTESIAN_POINT('',(-54.9700023063363,-86.5950037565045,3.82));
#4193=CARTESIAN_POINT('',(-2.57500115316816,-86.5950037565045,3.82));
#4194=CARTESIAN_POINT('',(-54.9700023063363,92.4449962434956,3.82));
#4195=CARTESIAN_POINT('',(-54.9700023063363,-89.1600018782522,3.82));
#4196=CARTESIAN_POINT('',(-57.5450011531681,92.4449962434956,3.82));
#4197=CARTESIAN_POINT('Origin',(-52.12,-83.725,4.04145036326267));
#4198=CARTESIAN_POINT('',(-52.119999973295,-91.9285526482239,3.96644734393065));
#4199=CARTESIAN_POINT('',(-60.3235526491013,-83.724999931409,3.96644734480806));
#4200=CARTESIAN_POINT('Origin',(-60.3985533905933,2.935,4.04144660940673));
#4201=CARTESIAN_POINT('',(-60.3235526482241,89.5949999733,3.96644734393044));
#4202=CARTESIAN_POINT('Origin',(-52.12,89.595,4.04145036326216));
#4203=CARTESIAN_POINT('',(-52.119999931409,97.7985526490933,3.9664473448082));
#4204=CARTESIAN_POINT('Origin',(0.,97.8735533905933,4.0414466094067));
#4205=CARTESIAN_POINT('',(52.1199999733,97.7985526481933,3.96644734393083));
#4206=CARTESIAN_POINT('Origin',(52.12,89.595,4.04145036326332));
#4207=CARTESIAN_POINT('',(60.3235526490932,89.5949999314,3.96644734480774));
#4208=CARTESIAN_POINT('Origin',(60.3985533905932,2.935,4.0414466094067));
#4209=CARTESIAN_POINT('',(60.3235526481933,-83.724999973295,3.96644734393059));
#4210=CARTESIAN_POINT('Origin',(52.12,-83.725,4.04145036326255));
#4211=CARTESIAN_POINT('',(52.1199999314,-91.9285526491012,3.96644734480812));
#4212=CARTESIAN_POINT('Origin',(0.,-92.0035533905933,4.04144660940673));
#4213=CARTESIAN_POINT('Origin',(-54.9700023063363,-86.5950037565045,5.02));
#4214=CARTESIAN_POINT('',(-54.9700023063363,-86.5950037565045,5.02));
#4215=CARTESIAN_POINT('',(-54.9700023063363,92.4449962434956,5.02));
#4216=CARTESIAN_POINT('Origin',(54.9699976936637,-86.5950037565044,5.02));
#4217=CARTESIAN_POINT('Origin',(-54.9700023063363,92.4449962434956,5.02));
#4218=CARTESIAN_POINT('Origin',(-54.9700023063363,102.444996243496,5.02));
#4219=CARTESIAN_POINT('',(-54.9700023063363,102.444996243496,5.02));
#4220=CARTESIAN_POINT('',(-54.9700023063363,102.444996243496,5.02));
#4221=CARTESIAN_POINT('',(-54.9700023063363,102.444996243496,5.02));
#4222=CARTESIAN_POINT('Origin',(-54.9700023063363,92.4449962434956,5.02));
#4223=CARTESIAN_POINT('',(-64.9700023063363,92.4449962434956,5.02));
#4224=CARTESIAN_POINT('',(-64.9700023063363,92.4449962434956,5.02));
#4225=CARTESIAN_POINT('Origin',(-54.9700023063363,92.4449962434956,5.02));
#4226=CARTESIAN_POINT('Origin',(-64.9700023063363,-86.5950037565045,5.02));
#4227=CARTESIAN_POINT('',(-64.9700023063363,-86.5950037565045,5.02));
#4228=CARTESIAN_POINT('',(-64.9700023063363,-86.5950037565045,5.02));
#4229=CARTESIAN_POINT('',(-64.9700023063363,-86.5950037565045,5.02));
#4230=CARTESIAN_POINT('Origin',(-54.9700023063363,-86.5950037565045,5.02));
#4231=CARTESIAN_POINT('',(-54.9700023063363,-96.5950037565045,5.02));
#4232=CARTESIAN_POINT('',(-54.9700023063363,-96.5950037565045,5.02));
#4233=CARTESIAN_POINT('Origin',(-54.9700023063363,-86.5950037565045,5.02));
#4234=CARTESIAN_POINT('Origin',(54.9699976936637,-96.5950037565044,5.02));
#4235=CARTESIAN_POINT('',(54.9699976936637,-96.5950037565044,5.02));
#4236=CARTESIAN_POINT('',(54.9699976936637,-96.5950037565044,5.02));
#4237=CARTESIAN_POINT('',(54.9699976936637,-96.5950037565044,5.02));
#4238=CARTESIAN_POINT('Origin',(54.9699976936637,-86.5950037565045,5.02));
#4239=CARTESIAN_POINT('',(64.9699976936637,-86.5950037565045,5.02));
#4240=CARTESIAN_POINT('',(64.9699976936637,-86.5950037565045,5.02));
#4241=CARTESIAN_POINT('Origin',(54.9699976936637,-86.5950037565045,5.02));
#4242=CARTESIAN_POINT('Origin',(64.9699976936637,92.4449962434956,5.02));
#4243=CARTESIAN_POINT('',(64.9699976936637,92.4449962434956,5.02));
#4244=CARTESIAN_POINT('',(64.9699976936637,92.4449962434956,5.02));
#4245=CARTESIAN_POINT('',(64.9699976936637,92.4449962434956,5.02));
#4246=CARTESIAN_POINT('Origin',(-2.30633632192223E-6,2.92499624349555,5.02));
#4247=UNCERTAINTY_MEASURE_WITH_UNIT(LENGTH_MEASURE(0.01),#4251,
'DISTANCE_ACCURACY_VALUE',
'Maximum model space distance between geometric entities at asserted c
onnectivities');
#4248=UNCERTAINTY_MEASURE_WITH_UNIT(LENGTH_MEASURE(0.01),#4251,
'DISTANCE_ACCURACY_VALUE',
'Maximum model space distance between geometric entities at asserted c
onnectivities');
#4249=(
GEOMETRIC_REPRESENTATION_CONTEXT(3)
GLOBAL_UNCERTAINTY_ASSIGNED_CONTEXT((#4247))
GLOBAL_UNIT_ASSIGNED_CONTEXT((#4251,#4253,#4254))
REPRESENTATION_CONTEXT('','3D')
);
#4250=(
GEOMETRIC_REPRESENTATION_CONTEXT(3)
GLOBAL_UNCERTAINTY_ASSIGNED_CONTEXT((#4248))
GLOBAL_UNIT_ASSIGNED_CONTEXT((#4251,#4253,#4254))
REPRESENTATION_CONTEXT('','3D')
);
#4251=(
LENGTH_UNIT()
NAMED_UNIT(*)
SI_UNIT(.MILLI.,.METRE.)
);
#4252=(
LENGTH_UNIT()
NAMED_UNIT(*)
SI_UNIT($,.METRE.)
);
#4253=(
NAMED_UNIT(*)
PLANE_ANGLE_UNIT()
SI_UNIT($,.RADIAN.)
);
#4254=(
NAMED_UNIT(*)
SI_UNIT($,.STERADIAN.)
SOLID_ANGLE_UNIT()
);
#4255=SHAPE_DEFINITION_REPRESENTATION(#4256,#4257);
#4256=PRODUCT_DEFINITION_SHAPE('',$,#4259);
#4257=SHAPE_REPRESENTATION('',(#1686),#4249);
#4258=PRODUCT_DEFINITION_CONTEXT('part definition',#4263,'design');
#4259=PRODUCT_DEFINITION('Boitier (1)','Touch_Display2_shell v2',#4260,
#4258);
#4260=PRODUCT_DEFINITION_FORMATION('',$,#4265);
#4261=PRODUCT_RELATED_PRODUCT_CATEGORY('Touch_Display2_shell v2',
'Touch_Display2_shell v2',(#4265));
#4262=APPLICATION_PROTOCOL_DEFINITION('international standard',
'automotive_design',2009,#4263);
#4263=APPLICATION_CONTEXT(
'Core Data for Automotive Mechanical Design Process');
#4264=PRODUCT_CONTEXT('part definition',#4263,'mechanical');
#4265=PRODUCT('Boitier (1)','Touch_Display2_shell v2',$,(#4264));
#4266=PRESENTATION_STYLE_ASSIGNMENT((#4268));
#4267=PRESENTATION_STYLE_ASSIGNMENT((#4269));
#4268=SURFACE_STYLE_USAGE(.BOTH.,#4270);
#4269=SURFACE_STYLE_USAGE(.BOTH.,#4271);
#4270=SURFACE_SIDE_STYLE('',(#4272));
#4271=SURFACE_SIDE_STYLE('',(#4273));
#4272=SURFACE_STYLE_FILL_AREA(#4274);
#4273=SURFACE_STYLE_FILL_AREA(#4275);
#4274=FILL_AREA_STYLE('Acier - Satin\X\E9',(#4276));
#4275=FILL_AREA_STYLE('Opaque(160,160,160)',(#4277));
#4276=FILL_AREA_STYLE_COLOUR('Acier - Satin\X\E9',#4278);
#4277=FILL_AREA_STYLE_COLOUR('Opaque(160,160,160)',#4279);
#4278=COLOUR_RGB('Acier - Satin\X\E9',0.627450980392157,0.627450980392157,
0.627450980392157);
#4279=COLOUR_RGB('Opaque(160,160,160)',0.627450980392157,0.627450980392157,
0.627450980392157);
ENDSEC;
END-ISO-10303-21;
